url,sentence
https://www.cnbc.com/2025/11/26/workday-shares-sink-on-subscription-revenue-guidance-concerns.html,Shares of software maker Workday slid nearly 8% on Wednesday as analysts lowered their price targets citing a lack of a upside after the company revised its full-year subscription revenue forecast.
https://www.cnbc.com/2025/11/26/workday-shares-sink-on-subscription-revenue-guidance-concerns.html,Many software stocks have been under pressure in 2025 as commentators have worried that generative artificial intelligence tools that can quickly write lines of code might pose risks to incumbents.
https://www.cnbc.com/2025/11/26/workday-shares-sink-on-subscription-revenue-guidance-concerns.html,This year Workday has announced the launch of several AI agents and expanded its offerings through startup acquisitions.
https://www.cnbc.com/2025/11/26/workday-shares-sink-on-subscription-revenue-guidance-concerns.html,Earlier this month Workday completed the $1.1 billion purchase of AI and learning software company Sana.
https://www.cnbc.com/2025/11/26/workday-shares-sink-on-subscription-revenue-guidance-concerns.html,Despite those moves Workday's third-quarter earnings report on Tuesday failed to impress Wall Street.
https://www.cnbc.com/2025/11/26/workday-shares-sink-on-subscription-revenue-guidance-concerns.html,The company called for $8.83 billion in subscription revenue for the fiscal year that will end in January 2026 implying 14.4% growth but the figure was up just $13 million from the company's guidance in August.
https://www.cnbc.com/2025/11/26/workday-shares-sink-on-subscription-revenue-guidance-concerns.html,The new number includes contributions from Sana and a contract with the U.S.
https://www.cnbc.com/2025/11/26/workday-shares-sink-on-subscription-revenue-guidance-concerns.html,"Defense Intelligence Agency Workday finance chief Zane Rowe told analysts on a conference call. ""Investors were likely looking for more of a beat-and-raise quarter "" Cantor Fitzgerald analysts Matt VanVliet and Mason Marion wrote in a note to clients."
https://www.cnbc.com/2025/11/26/workday-shares-sink-on-subscription-revenue-guidance-concerns.html,They have the equivalent of a buy rating on Workday stock.
https://www.cnbc.com/2025/11/26/workday-shares-sink-on-subscription-revenue-guidance-concerns.html,"The new number they wrote ""borders on a slight guide down."" The analysts held their 12-month price target on Workday stock at $280."
https://www.cnbc.com/2025/11/26/workday-shares-sink-on-subscription-revenue-guidance-concerns.html,"Stifel with a hold rating on the stock lowered its Workday target to $235 from $255. ""It does not appear that the underlying momentum of the business is showing any signs of stabilization "" Stifel's Brad Reback and Robert Galvin wrote in a note."
https://www.cnbc.com/2025/11/26/workday-shares-sink-on-subscription-revenue-guidance-concerns.html,"The outcome was ""like turkey without the gravy "" Evercore analysts with the equivalent of a buy rating on the stock wrote in the title of their note."
https://www.cnbc.com/2025/11/26/workday-shares-sink-on-subscription-revenue-guidance-concerns.html,Analysts at RBC which also has the equivalent of a buy rating on Workday shares lowered their price target to $320 from $340.
https://www.cnbc.com/2025/11/26/workday-shares-sink-on-subscription-revenue-guidance-concerns.html,Despite the mixed guidance they wrote in a note to clients results for the fiscal third quarter did exceed consensus.
https://www.cnbc.com/2025/11/26/workday-shares-sink-on-subscription-revenue-guidance-concerns.html,"Plus AI products contributed over 1.5 percentage points of annualized revenue growth Workday CEO Carl Eschenbach said on Tuesday's conference call. '""We remain encouraged by early AI momentum "" the RBC analysts wrote."
https://www.cnbc.com/2025/11/26/workday-shares-sink-on-subscription-revenue-guidance-concerns.html,We want to hear from you.
https://www.cnbc.com/2025/11/24/european-markets-on-novpoint24-stoxx-600-ftse-dax-cac-.html,The pan-European Stoxx 600 closed the session preliminarily 0.3% higher with most major bourses and sectors in positive territory.
https://www.cnbc.com/2025/11/24/european-markets-on-novpoint24-stoxx-600-ftse-dax-cac-.html,Bayer AG advanced 10.9% to lead Monday's gainers after the German pharmaceutical and biotech company reported positive efficacy data from the Phase III study of its blood thinner Asundexian a stroke prevention drug.
https://www.cnbc.com/2025/11/24/european-markets-on-novpoint24-stoxx-600-ftse-dax-cac-.html,Novo Nordisk in contrast plummeted 5.8% on Monday paring some of its earlier losses after its semaglutide drug — an active ingredient in the pharma company's diabetes and obesity treatments Ozempic and Wegovy — failed to meet the main goal in a large-scale trial of a potential Alzheimer's drug.
https://www.cnbc.com/2025/11/24/european-markets-on-novpoint24-stoxx-600-ftse-dax-cac-.html,AstraZeneca added 0.8% after the London-listed drugmaker said on Friday it will invest $2 billion in its biologic manufacturing plant in Frederick Maryland as part of a wider $50 billion expansion of its U.S. presence.
https://www.cnbc.com/2025/11/24/european-markets-on-novpoint24-stoxx-600-ftse-dax-cac-.html,Europe's defense stocks retreated on Monday amid ongoing talks between the U.S. and Ukraine to craft a peace plan after an initial 28-point proposal was seen as largely pro-Russian and demanding significant concessions from Kyiv.
https://www.cnbc.com/2025/11/24/european-markets-on-novpoint24-stoxx-600-ftse-dax-cac-.html,Rheinmettal was down 5% as Renk fell 4.4% Hensoldt lost 4.6% and Saab dropped 5.6%.
https://www.cnbc.com/2025/11/24/european-markets-on-novpoint24-stoxx-600-ftse-dax-cac-.html,Overall the Stoxx 600 Aerospace and Defense Index fell to its lowest level since July and ended the session 2% lower.
https://www.cnbc.com/2025/11/24/european-markets-on-novpoint24-stoxx-600-ftse-dax-cac-.html,The U.S. said Sunday that there had been progress in talks at the weekend which were attended by U.S.
https://www.cnbc.com/2025/11/24/european-markets-on-novpoint24-stoxx-600-ftse-dax-cac-.html,Secretary of State Marco Rubio but that no agreement was reached on security guarantees for Ukraine.
https://www.cnbc.com/2025/11/24/european-markets-on-novpoint24-stoxx-600-ftse-dax-cac-.html,Elsewhere shares in Anglo American were down 0.9% after Australian multinational miner BHP dropped plans for a last-ditch takeover bid for its British rival.
https://www.cnbc.com/2025/11/24/european-markets-on-novpoint24-stoxx-600-ftse-dax-cac-.html,Asia-Pacific markets and U.S. stock futures climbed in overnight trading as the market sought to build on a strong rebound that started on Friday after the head of the New York Federal Reserve left the door open to a December interest rate cut .
https://www.cnbc.com/2025/11/24/european-markets-on-novpoint24-stoxx-600-ftse-dax-cac-.html,The Fed's next meeting will take place on Dec. 9-10 and markets are currently pricing in a 69.3% chance of a quarter-percentage-point cut according to the CME FedWatch tool .
https://www.cnbc.com/2025/11/24/european-markets-on-novpoint24-stoxx-600-ftse-dax-cac-.html,Global markets have had a tumultuous few weeks as investors questioned the sky-high valuations of artificial intelligence-linked tech names that have powered much of 2025′s market gains.
https://www.cnbc.com/2025/11/24/european-markets-on-novpoint24-stoxx-600-ftse-dax-cac-.html,There are no major data or earnings releases in Europe on Monday but investors in the U.K. are gearing up for the Autumn Budget on Wednesday with speculation mounting over the depth and breadth of tax hikes that British Finance Minister Rachel Reeves could unveil as she tries to balance the budget.
https://www.cnbc.com/2025/11/26/european-markets-on-novpoint26-2025-stoxx-600-ftse-fed-autumn-budget.html,Federal Reserve will cut interest rates in December.
https://www.cnbc.com/2025/11/26/european-markets-on-novpoint26-2025-stoxx-600-ftse-fed-autumn-budget.html,The pan-European Stoxx 600 finished the session almost 1.1% higher with most sectors and major regional bourses in the green.
https://www.cnbc.com/2025/11/26/european-markets-on-novpoint26-2025-stoxx-600-ftse-fed-autumn-budget.html,Regional indexes are following their counterparts on Wall Street and in the Asia-Pacific region higher amid expectations that the Fed will cut when it next meets on Dec. 9-10.
https://www.cnbc.com/2025/11/26/european-markets-on-novpoint26-2025-stoxx-600-ftse-fed-autumn-budget.html,Markets are pricing in almost an 85% chance of a quarter percentage point cut by the central bank according to the CME FedWatch tool .
https://www.cnbc.com/2025/11/26/european-markets-on-novpoint26-2025-stoxx-600-ftse-fed-autumn-budget.html,"New York Fed President John Williams also said on Friday that there was room to lower rates "" in the near term. "" Global markets also got a boost after U.S."
https://www.cnbc.com/2025/11/26/european-markets-on-novpoint26-2025-stoxx-600-ftse-fed-autumn-budget.html,"Treasury Secretary Scott Bessent told CNBC on Tuesday that there was a ""very good chance"" that Trump could name a new Fed chair before Christmas."
https://www.cnbc.com/2025/11/26/european-markets-on-novpoint26-2025-stoxx-600-ftse-fed-autumn-budget.html,While he said he was interviewing candidates expectations are shifting toward White House National Economic Council Director Kevin Hassett after Bloomberg reported he had emerged as a frontrunner for the job.
https://www.cnbc.com/2025/11/26/european-markets-on-novpoint26-2025-stoxx-600-ftse-fed-autumn-budget.html,Hassett is viewed as someone more likely to push for lower rates.
https://www.cnbc.com/2025/11/26/european-markets-on-novpoint26-2025-stoxx-600-ftse-fed-autumn-budget.html,In the U.K. all eyes are on the Autumn Budget on Wednesday with Chancellor Rachel Reeves set to unveil her spending and taxation plans for the year ahead .
https://www.cnbc.com/2025/11/26/european-markets-on-novpoint26-2025-stoxx-600-ftse-fed-autumn-budget.html,There are widespread expectations that the finance minister will announce a raft of tax hikes as she tries to stick to self-imposed rules on spending and borrowing and has a fiscal black hole to fill as a result.
https://www.cnbc.com/2025/11/26/european-markets-on-novpoint26-2025-stoxx-600-ftse-fed-autumn-budget.html,The country's fiscal watchdog the Office for Budget Responsibility unexpectedly released its economic and fiscal forecasts ahead of the Autumn Budget sending yields on British government debt see-sawing.
https://www.cnbc.com/2025/11/26/european-markets-on-novpoint26-2025-stoxx-600-ftse-fed-autumn-budget.html,The benchmark 10-year gilt moved higher after falling as much 4 basis points following the release but quicky reversed gains.
https://www.cnbc.com/2025/11/26/european-markets-on-novpoint26-2025-stoxx-600-ftse-fed-autumn-budget.html,It was last seen 2 basis point lower.
https://www.cnbc.com/2025/11/26/european-markets-on-novpoint26-2025-stoxx-600-ftse-fed-autumn-budget.html,Shorter-term gilts followed a similar pattern.
https://www.cnbc.com/2025/11/26/european-markets-on-novpoint26-2025-stoxx-600-ftse-fed-autumn-budget.html,Follow CNBC's Autumn Budget live blog throughout the day for all the latest news comment and announcements.
https://www.cnbc.com/2025/11/26/european-markets-on-novpoint26-2025-stoxx-600-ftse-fed-autumn-budget.html,Chancellor Reeves delivered her budget statement around 12:30 p.m.
https://www.cnbc.com/2025/11/26/european-markets-on-novpoint26-2025-stoxx-600-ftse-fed-autumn-budget.html,U.K. banks also experienced sharp swings during the session initially rising on the back of expectations they would be spared from extra taxes in the Autumn Budget before selling off following the surprise early release of the budget details and later closing in positive territory.
https://www.cnbc.com/2025/11/26/european-markets-on-novpoint26-2025-stoxx-600-ftse-fed-autumn-budget.html,Barclays finished the day 3% higher Natwest advanced around 2% and Lloyds gained 3.4%.
https://www.cnbc.com/2025/11/26/european-markets-on-novpoint26-2025-stoxx-600-ftse-fed-autumn-budget.html,Reeves confirmed the introduction of a council tax charge on properties valued over £2 million ($6.63 million).
https://www.cnbc.com/2025/11/26/european-markets-on-novpoint26-2025-stoxx-600-ftse-fed-autumn-budget.html,British housing and construction names Persimmon fell almost 0.2% Taylor Wimpey shed 1.7% and The Berkeley Group fell almost 3%.
https://www.cnbc.com/2025/11/26/european-markets-on-novpoint26-2025-stoxx-600-ftse-fed-autumn-budget.html,Barratt Redrow climbed back into the green after an initial dip later reversing course to finish the day down 0.4%.
https://www.cnbc.com/2025/11/26/european-markets-on-novpoint26-2025-stoxx-600-ftse-fed-autumn-budget.html,Sterling gained on the dollar moving 0.5% higher to trade at $1.323.
https://www.cnbc.com/2025/11/26/european-markets-on-novpoint26-2025-stoxx-600-ftse-fed-autumn-budget.html,European investors also monitored developments in U.S.-led negotiations on a Ukraine peace deal.
https://www.cnbc.com/2025/11/26/european-markets-on-novpoint26-2025-stoxx-600-ftse-fed-autumn-budget.html,"President Donald Trump said a deal was ""very close."" U.S. special envoy Steve Witkoff is set to meet with Russian President Vladimir Putin in Moscow Trump added while U.S."
https://www.cnbc.com/2025/11/26/european-markets-on-novpoint26-2025-stoxx-600-ftse-fed-autumn-budget.html,"Army Secretary Dan Driscoll ""will be meeting with the Ukrainians."" It came after reports emerged that Kyiv had accepted the reworked terms of the peace plan originally drafted by the U.S."
https://www.cnbc.com/2025/11/26/european-markets-on-novpoint26-2025-stoxx-600-ftse-fed-autumn-budget.html,European defense stocks moved higher on Wednesday with Germany's Rheinmetall closing 1.9% higher.
https://www.cnbc.com/2025/11/26/european-markets-on-novpoint26-2025-stoxx-600-ftse-fed-autumn-budget.html,Elsewhere Novo Nordisk shares rose 4.7% after the U.S.
https://www.cnbc.com/2025/11/26/european-markets-on-novpoint26-2025-stoxx-600-ftse-fed-autumn-budget.html,Centers for Medicare and Medicaid Services announced the newly negotiated price for its bestseller drugs Ozempic and Wegovy from 2027.
https://www.cnbc.com/2025/11/26/european-markets-on-novpoint26-2025-stoxx-600-ftse-fed-autumn-budget.html,The new price for patients on Medicare will be $274 a 71% discount from its current list price. — CNBC's Pia Singh contributed to this market report.
https://www.cnbc.com/2025/11/25/abercrombie-fitch-anf-earnings-q3-2025.html,Shares of Abercrombie & Fitch soared 37% Tuesday after the company showed investors it's set to keep growing even as its namesake brand slows down.
https://www.cnbc.com/2025/11/25/abercrombie-fitch-anf-earnings-q3-2025.html,During the apparel retailer's fiscal third quarter Abercrombie brand sales fell 2%.
https://www.cnbc.com/2025/11/25/abercrombie-fitch-anf-earnings-q3-2025.html,But for at least the third quarter in a row Hollister saved the retailer as sales climbed 16%.
https://www.cnbc.com/2025/11/25/abercrombie-fitch-anf-earnings-q3-2025.html,CEO Fran Horowitz said sales at Abercrombie are expected to be flat in the current quarter indicating growth at Hollister is set to drive the company's holiday shopping season.
https://www.cnbc.com/2025/11/25/abercrombie-fitch-anf-earnings-q3-2025.html,Companywide sales rose 7% beating expectations.
https://www.cnbc.com/2025/11/25/abercrombie-fitch-anf-earnings-q3-2025.html,Here's how the apparel retailer did in the period ended Nov. 1 compared with what Wall Street was anticipating based on a survey of analysts by LSEG: The company's reported net income for the quarter was $113 million or $2.36 per share compared with $131.98 million or $2.50 per share a year earlier.
https://www.cnbc.com/2025/11/25/abercrombie-fitch-anf-earnings-q3-2025.html,Sales rose to $1.29 billion up about 7% from $1.21 billion a year earlier.
https://www.cnbc.com/2025/11/25/abercrombie-fitch-anf-earnings-q3-2025.html,The company's namesake banner has fueled its comeback in recent years but now that the Abercrombie brand's growth has started to moderate Hollister has picked up the baton.
https://www.cnbc.com/2025/11/25/abercrombie-fitch-anf-earnings-q3-2025.html,During the quarter Abercrombie's sales fell to $617.35 million while comparable sales declined by a staggering 7%.
https://www.cnbc.com/2025/11/25/abercrombie-fitch-anf-earnings-q3-2025.html,Sales came in far below the $631.8 million analysts were expecting according to StreetAccount.
https://www.cnbc.com/2025/11/25/abercrombie-fitch-anf-earnings-q3-2025.html,Meanwhile Hollister's revenue rose to $673.27 million well above the $649.7 million analysts had expected according to StreetAccount.
https://www.cnbc.com/2025/11/25/abercrombie-fitch-anf-earnings-q3-2025.html,"As the retailer heads into the peak shopping season ""Hollister's exciting campaigns and collaborations planned will highlight some must haves "" Horowitz said on a call with analysts. ""We are just getting started and importantly our team has been reading and reacting and has the right product to support sales throughout the season."" She also said Abercrombie is investing more in the Hollister brand as the company is on pace to open 25 stores and refresh 35 others this year."
https://www.cnbc.com/2025/11/25/abercrombie-fitch-anf-earnings-q3-2025.html,At the Abercrombie brand Horowitz said last quarter that the slowdown was related to old inventory the company needed to mark down to sell.
https://www.cnbc.com/2025/11/25/abercrombie-fitch-anf-earnings-q3-2025.html,She said she expected the brand to be back to growth by the end of the year but that no longer seems to be the case.
https://www.cnbc.com/2025/11/25/abercrombie-fitch-anf-earnings-q3-2025.html,During Abercrombie's conference call executives didn't answer when asked when the brand will return to growth.
https://www.cnbc.com/2025/11/25/abercrombie-fitch-anf-earnings-q3-2025.html,"It spoke about the ""sequential improvement"" Abercrombie saw after a 5% decline in revenue in the previous quarter."
https://www.cnbc.com/2025/11/25/abercrombie-fitch-anf-earnings-q3-2025.html,"Horowitz pointed to recent collaborations with the NFL and luxury retailer Kemo Sabe as bright spots for the brand. ""Abercrombie Brands has inventory in the right place and a strong marketing plan heading into holiday "" said Horowtiz. ""We've opened 30 new stores in the third quarter aiming for a total of 36 stores this year."
https://www.cnbc.com/2025/11/25/abercrombie-fitch-anf-earnings-q3-2025.html,"We remain focused on bringing the brand back to growth."" For its holiday quarter Abercrombie is expecting companywide sales to climb between 4% and 6% which is largely below Wall Street expectations of 5.6% growth according to LSEG."
https://www.cnbc.com/2025/11/25/abercrombie-fitch-anf-earnings-q3-2025.html,It anticipates earnings per share will be between $3.40 and $3.70 roughly in line with expectations of $3.55 per share.
https://www.cnbc.com/2025/11/25/abercrombie-fitch-anf-earnings-q3-2025.html,For the full year it now expects sales to rise between 6% and 7% largely beating expectations of 6.2% growth according to LSEG.
https://www.cnbc.com/2025/11/23/global-week-ahead-which-tail-is-wagging-the-market-dog.html,What a week for markets.
https://www.cnbc.com/2025/11/23/global-week-ahead-which-tail-is-wagging-the-market-dog.html,Global stocks posted their worst week since April as the heat around AI stocks began to burn.
https://www.cnbc.com/2025/11/23/global-week-ahead-which-tail-is-wagging-the-market-dog.html,On Thursday the Nasdaq marked its wildest swing from green to red since President Donald Trump's 'Liberation Day' shocked equities back in April.
https://www.cnbc.com/2025/11/23/global-week-ahead-which-tail-is-wagging-the-market-dog.html,And it reverberated around the world with the Stoxx 600 touching a one-month low Germany's DAX sinking to levels not seen since June and Asian stocks closing deep in the red for the week.
https://www.cnbc.com/2025/11/23/global-week-ahead-which-tail-is-wagging-the-market-dog.html,What does such a volatile week for stocks and other asset classes mean for the trading week ahead?
https://www.cnbc.com/2025/11/23/global-week-ahead-which-tail-is-wagging-the-market-dog.html,A lot of the discussion around the CNBC International desk this week centered on what was causing investors to turn more cautious on some of the most-loved stocks of the year as well as on certain asset classes that have been going gang-busters since the Trump administration returned to the White House.
https://www.cnbc.com/2025/11/23/global-week-ahead-which-tail-is-wagging-the-market-dog.html,In short the market wanted to know — which tail is wagging the dog?
https://www.cnbc.com/2025/11/23/global-week-ahead-which-tail-is-wagging-the-market-dog.html,Even a cracking set of earnings from AI darling Nvidia on Wednesday hasn't drawn a line under the bubble speculation around this part of the stock market.
https://www.cnbc.com/2025/11/23/global-week-ahead-which-tail-is-wagging-the-market-dog.html,Focus is on the AI hyperscalers — namely Amazon Alphabet Meta Microsoft and Oracle — and others in the space looking to build out data centers by raising debt.
https://www.cnbc.com/2025/11/23/global-week-ahead-which-tail-is-wagging-the-market-dog.html,CNBC's Charlotte Reed will report from the Adopt AI Summit in Paris on Tuesday and Wednesday to find out how some of Europe's biggest corporates are managing their AI spending plans.
https://www.cnbc.com/2025/11/23/global-week-ahead-which-tail-is-wagging-the-market-dog.html,"AI capex spending fears spread to the bond market following tech jitters It's the ""revenge of the old economy."" That's the view from Carlyle's Chief Strategy Officer Jeff Currie who told CNBC's Julianna Tatelbaum in London that there is a link between the AI jitters and big moves seen in the crypto markets this week."
https://www.cnbc.com/2025/11/23/global-week-ahead-which-tail-is-wagging-the-market-dog.html,"He said ""people who own big tech also own crypto."
https://www.cnbc.com/2025/11/23/global-week-ahead-which-tail-is-wagging-the-market-dog.html,"They're selling the scypto to fund the losses in big tech and then it becomes a violent cycle to the downside."" The delayed data — due to the U.S. shutdown — has done little to provide clarity on the next step for the Federal Reserve after a rise in the unemployment rate in September and other downward revisions spooked investors."
https://www.cnbc.com/2025/11/23/global-week-ahead-which-tail-is-wagging-the-market-dog.html,"Latest minutes from the FOMC also suggest there is a preference to skip a move in December with Standard Chartered's Steven Englander writing in a recent note that ""we have shifted the December cut into Q1 most likely January."" He added that the ""hawkish sentiment seems more intent than the dovish."" Next week expect to hear from a variety of ECB voices including ECB President Christine Lagarde Executive Board Member Frank Elderson and Board Member Piero Cipollone all taking the stage at different events in Europe."
https://www.cnbc.com/2025/11/23/global-week-ahead-which-tail-is-wagging-the-market-dog.html,"On Friday Lagarde called on Europe to move from ""merely being resilient to being genuinely strong."" All the volatility in the overall stock market may have provided some air cover for U.K."
https://www.cnbc.com/2025/11/23/global-week-ahead-which-tail-is-wagging-the-market-dog.html,Chancellor Rachel Reeves as she counts down the final days to the budget announcement on Wednesday.
https://www.cnbc.com/2025/11/23/global-week-ahead-which-tail-is-wagging-the-market-dog.html,Billed as the fiscal event of the year the twists and turns so far have played out in the bond market.
https://www.cnbc.com/2025/11/23/global-week-ahead-which-tail-is-wagging-the-market-dog.html,Britain’s Reeves paints a confusing picture as pressure builds from all sides The easy answer is that it is most likely all these tails wagging market dogs but with this many market forces at play maybe the safest bet is that volatility looks set to continue into next week's trade.
https://www.cnbc.com/2025/11/23/global-week-ahead-which-tail-is-wagging-the-market-dog.html,Monday: Prosus earnings; ECB's Lagarde speaks Wednesday: U.S.
https://www.cnbc.com/2025/11/23/global-week-ahead-which-tail-is-wagging-the-market-dog.html,More In Global Week Ahead Global week ahead: AI wobble casts shadow over 'Davos for geeks' Leonie Kidd Global week ahead: Is Novo Nordisk past 'peak uncertainty'?
https://www.cnbc.com/2025/11/23/global-week-ahead-which-tail-is-wagging-the-market-dog.html,Leonie Kidd Global week ahead: 'Cockroaches' crawling toward Europe?
https://www.cnbc.com/2025/11/28/cnbc-daily-open-november-hasnt-been-kind-or-typical-for-us-stocks.html,With approximately just 3 hours of trading left for the month major U.S. indexes are looking to end November in the red based on CNBC calculations.
https://www.cnbc.com/2025/11/28/cnbc-daily-open-november-hasnt-been-kind-or-typical-for-us-stocks.html,As of Wednesday's close the S&P 500 was down 0.4% month to date the Dow Jones Industrial Average 0.29% lower during the same period and the Nasdaq Composite retreating 2.15% vastly underperforming its siblings as technology stocks stumbled in November.
https://www.cnbc.com/2025/11/28/cnbc-daily-open-november-hasnt-been-kind-or-typical-for-us-stocks.html,Unless there's a huge jump in stocks during the shortened trading session on Friday stateside — which might not be an unequivocally positive move since it would raise more questions about the market's sustainability — that means the indexes are on track to snap their winning streaks.
https://www.cnbc.com/2025/11/28/cnbc-daily-open-november-hasnt-been-kind-or-typical-for-us-stocks.html,The S&P 500 and Dow Jones Industrial Average have risen in the past six months and the Nasdaq Composite seven.
https://www.cnbc.com/2025/11/28/cnbc-daily-open-november-hasnt-been-kind-or-typical-for-us-stocks.html,It will also mark a divergence from the historical norm.
https://www.cnbc.com/2025/11/28/cnbc-daily-open-november-hasnt-been-kind-or-typical-for-us-stocks.html,The S&P 500 has advanced an average of 1.8% in November since 1950 according to the Stock Trader's Almanac.
https://www.cnbc.com/2025/11/28/cnbc-daily-open-november-hasnt-been-kind-or-typical-for-us-stocks.html,And in the year following a U.S. presidential election it typically rises 1.6%.
https://www.cnbc.com/2025/11/28/cnbc-daily-open-november-hasnt-been-kind-or-typical-for-us-stocks.html,But it's not been a typical post-presidential election year.
https://www.cnbc.com/2025/11/28/cnbc-daily-open-november-hasnt-been-kind-or-typical-for-us-stocks.html,It's hard to see the market in the coming months or even years moving according to any historical trajectory.
https://www.cnbc.com/2025/11/28/cnbc-daily-open-november-hasnt-been-kind-or-typical-for-us-stocks.html,The stock market was closed during the day for Thanksgiving in the U.S.
https://www.cnbc.com/2025/11/28/cnbc-daily-open-november-hasnt-been-kind-or-typical-for-us-stocks.html,Asia-Pacific markets traded mixed Friday .
https://www.cnbc.com/2025/11/28/cnbc-daily-open-november-hasnt-been-kind-or-typical-for-us-stocks.html,Japan's Nikkei 225 ticked up in volatile trading after Tokyo inflation came in hotter than expected.
https://www.cnbc.com/2025/11/28/cnbc-daily-open-november-hasnt-been-kind-or-typical-for-us-stocks.html,"Trump to suspend migration from 'Third World Countries.' The U.S. president will also cancel federal benefits and subsidies to ""noncitizens"" in the country he said in Truth Social posts on Thursday night stateside."
https://www.cnbc.com/2025/11/28/cnbc-daily-open-november-hasnt-been-kind-or-typical-for-us-stocks.html,Trump did not specify which countries would be affected.
https://www.cnbc.com/2025/11/28/cnbc-daily-open-november-hasnt-been-kind-or-typical-for-us-stocks.html,South Korea imposes sanctions on Prince Group.
https://www.cnbc.com/2025/11/28/cnbc-daily-open-november-hasnt-been-kind-or-typical-for-us-stocks.html,The Cambodian conglomerate is accused of running large-scale fraud operations across Southeast Asia .
https://www.cnbc.com/2025/11/28/cnbc-daily-open-november-hasnt-been-kind-or-typical-for-us-stocks.html,U.K. and Singapore have also imposed punitive measures on the company.
https://www.cnbc.com/2025/11/28/cnbc-daily-open-november-hasnt-been-kind-or-typical-for-us-stocks.html,Russia is ready for 'serious' discussions for peace .
https://www.cnbc.com/2025/11/28/cnbc-daily-open-november-hasnt-been-kind-or-typical-for-us-stocks.html,"The U.S.-led framework ""can be the basis for future agreements "" Russian President Vladimir Putin said Thursday as translated by Reuters."
https://www.cnbc.com/2025/11/28/cnbc-daily-open-november-hasnt-been-kind-or-typical-for-us-stocks.html,"He added that the U.S. seemed to take Moscow's position ""into account."" [PRO] Bank of America doesn't see much upside for 2026."
https://www.cnbc.com/2025/11/28/cnbc-daily-open-november-hasnt-been-kind-or-typical-for-us-stocks.html,The S&P 500 should rise by a single-digit percentage point a slowdown from recent years because one supporting factor will be shrinking said a strategist from the bank.
https://www.cnbc.com/2025/11/28/cnbc-daily-open-november-hasnt-been-kind-or-typical-for-us-stocks.html,Europe's slow and steady approach to AI could be its edge It's unlikely that Europe will lead in building facilities for AI hyperscalers or for the training of AI — that race is considered all but won — but the general consensus is that it could excel in smaller cloud-focused and connectivity-style facilities.
https://www.cnbc.com/2025/11/28/cnbc-daily-open-november-hasnt-been-kind-or-typical-for-us-stocks.html,"Europe has ""a lot of constraints but actually the more difficult something is to replicate the more long-term value what you've got has "" said Seb Dooley senior fund manager at Principal Asset Management."
https://www.cnbc.com/2025/11/28/cnbc-daily-open-a-rough-and-historically-atypical-november-for-us-stocks.html,The stock market was closed during the day for the Thanksgiving break in the U.S.
https://www.cnbc.com/2025/11/28/cnbc-daily-open-a-rough-and-historically-atypical-november-for-us-stocks.html,Europe's Stoxx 600 inched up 0.14% rebounding from earlier losses .
https://www.cnbc.com/2025/11/28/cnbc-daily-open-a-rough-and-historically-atypical-november-for-us-stocks.html,Alibaba's AI glasses go on sale.
https://www.cnbc.com/2025/11/28/cnbc-daily-open-a-rough-and-historically-atypical-november-for-us-stocks.html,The Quark AI Glasses come in two variants that cost 1 899 Chinese yuan ($268) and 3 799 yuan less than Meta's $799 Meta Ray-Ban Display glasses signaling Alibaba's competitive entry into the consumer AI market .
https://www.cnbc.com/2025/11/28/cnbc-daily-open-a-rough-and-historically-atypical-november-for-us-stocks.html,Apple files a case against India's antitrust body.
https://www.cnbc.com/2025/11/28/cnbc-daily-open-a-rough-and-historically-atypical-november-for-us-stocks.html,The Competition Commission of India is investigating complaints about Apple's in-app purchase policies and could fine the company based on its global turnover — which means a potential $38 billion penalty .
https://www.cnbc.com/2025/11/27/stock-market-today-live-updates.html,The Nasdaq Composite rose on Friday scoring its fifth straight day of gains even as it recorded a losing month.
https://www.cnbc.com/2025/11/27/stock-market-today-live-updates.html,The tech-heavy index advanced 0.65% to end the day at 23 365.69 while the S&P 500 gained 0.54% to settle at 6 849.09.
https://www.cnbc.com/2025/11/27/stock-market-today-live-updates.html,The Dow Jones Industrial Average grew 289.30 points or 0.61% finish at 47 716.42.
https://www.cnbc.com/2025/11/27/stock-market-today-live-updates.html,"Wall Street came back from the Thanksgiving holiday for a shortened trading session Friday. ""The mood is back to a bit more of a risk-on sentiment in that the market is now 80% to 85% certain we're going to get a [Federal Reserve] rate cut in just a couple of short weeks "" Brian Mulberry client portfolio manager at Zacks Investment Management told CNBC."
https://www.cnbc.com/2025/11/27/stock-market-today-live-updates.html,A quarter percentage point cut from the Fed in December would mark the central bank's third in a row after its September and October meetings.
https://www.cnbc.com/2025/11/27/stock-market-today-live-updates.html,"Traders have begun raising their expectations for lower rates since New York Fed President John Williams said last week that there was room for ""a further adjustment in the near term to the target range for the federal funds rate."" ""It's simply confirming that we are in an easing trend and that it will continue into the new year as well "" Mulberry continued."
https://www.cnbc.com/2025/11/27/stock-market-today-live-updates.html,Friday is the last trading day of November.
https://www.cnbc.com/2025/11/27/stock-market-today-live-updates.html,A pullback in tech stocks have weighed on the major averages this month as doubt swirled around the future profitability of AI companies.
https://www.cnbc.com/2025/11/27/stock-market-today-live-updates.html,The Nasdaq fell almost 2% on the month ending a seven-month win streak.
https://www.cnbc.com/2025/11/27/stock-market-today-live-updates.html,The S&P 500 and Dow were slightly higher thanks to this week's gains posting their seventh consecutive winning month.
https://www.cnbc.com/2025/11/27/stock-market-today-live-updates.html,The Dow finished the weekly period up more than 3%.
https://www.cnbc.com/2025/11/27/stock-market-today-live-updates.html,The S&P 500 increased almost 4% in the period while the Nasdaq Composite jumped more than 4%.
https://www.cnbc.com/2025/11/27/stock-market-today-live-updates.html,Stocks closed higher for another day on Friday.
https://www.cnbc.com/2025/11/27/stock-market-today-live-updates.html,The S&P 500 rose 0.54% to 6 849.09 while the Nasdaq Composite moved higher by 0.65% to end at 23 365.69.
https://www.cnbc.com/2025/11/27/stock-market-today-live-updates.html,The Dow Jones Industrial Average climbed 289.30 or 0.61% to 47 716.42.
https://www.cnbc.com/2025/11/27/stock-market-today-live-updates.html,Thanksgiving ushered in a solid start to the holiday season according to Adobe Analytics which tracks visits to U.S. retail websites.
https://www.cnbc.com/2025/11/27/stock-market-today-live-updates.html,Adobe said consumers spent a record $6.4 billion online on Thursday up 5.3% year over year.
https://www.cnbc.com/2025/11/27/stock-market-today-live-updates.html,The firm is looking for Black Friday spending to rise 8.3% to $11.7 billion.
https://www.cnbc.com/2025/11/27/stock-market-today-live-updates.html,One factor that may have contributed to the robust pace of purchases on Thursday was that discounts were a touch higher than Adobe expected.
https://www.cnbc.com/2025/11/27/stock-market-today-live-updates.html,The data provider said electronics discounts peaked at 28% off listed price while clothing was marked down 25% and computer prices were slashed by an average of 23%.
https://www.cnbc.com/2025/11/27/stock-market-today-live-updates.html,"Toy prices were discounted by 27% while appliances were marked down 19% Adobe said. ""The magnitude of discounts was the big story on Thanksgiving yesterday as retailers leaned into delivering great deals to drive consumer demand online "" said Vivek Pandya lead analyst Adobe Digital Insights in an emailed statement."
https://www.cnbc.com/2025/11/27/stock-market-today-live-updates.html,Pandya said the markdowns helped fueled some impulse buying among shoppers.
https://www.cnbc.com/2025/11/27/stock-market-today-live-updates.html,The Dow is poised to close in positive territory on the month amid its Friday advance meaning the 30-stock index could extend its win streak.
https://www.cnbc.com/2025/11/27/stock-market-today-live-updates.html,If the blue-chip average finishes November in the green it would mark the index's seventh straight positive month.
https://www.cnbc.com/2025/11/27/stock-market-today-live-updates.html,That would be the average's longest monthly winning streak since a 10-month climb that ended in early 2018.
https://www.cnbc.com/2025/11/27/stock-market-today-live-updates.html,On Friday 12 stocks in the S&P 500 traded at new all-time highs.
https://www.cnbc.com/2025/11/27/stock-market-today-live-updates.html,Tickers that hit this milestone included: — Gina Francolla Lisa Kailai Han Small-cap stocks ran circles around their larger counterparts in November.
https://www.cnbc.com/2025/11/27/stock-market-today-live-updates.html,The small-cap focused Russell 2000 has added 0.8% since 2025's penultimate month began.
https://www.cnbc.com/2025/11/27/stock-market-today-live-updates.html,By comparison the broad S&P 500 has shed 0.1% while the Nasdaq Composite has fallen nearly 2%.
https://www.cnbc.com/2025/11/27/stock-market-today-live-updates.html,The blue-chip Dow is up 0.3%.
https://www.cnbc.com/2025/11/27/stock-market-today-live-updates.html,Spot silver hit a record high on Friday.
https://www.cnbc.com/2025/11/27/stock-market-today-live-updates.html,The precious metal was last trading up 3% on the day.
https://www.cnbc.com/2025/11/27/stock-market-today-live-updates.html,Futures tied to silver also hit a record.
https://www.cnbc.com/2025/11/27/stock-market-today-live-updates.html,Spot silver has surged 90% since the beginning of the year boosted by investors' rotation into risk-off assets amid mixed economic data and shifting U.S. monetary policy expectations.
https://www.cnbc.com/2025/11/27/stock-market-today-live-updates.html,It's outperformed spot gold which has jumped 60% on the year.
https://www.cnbc.com/2025/11/27/stock-market-today-live-updates.html,Airline stocks rallied Friday outperforming the broad market in the midst of the busy Thanksgiving travel weekend when the Federal Aviation Administration said it expected the most travel in 15 years on more than 360 000 flights.
https://www.cnbc.com/2025/11/27/stock-market-today-live-updates.html,The carriers are also benefiting from lower jet fuel prices.
https://www.cnbc.com/2025/11/27/stock-market-today-live-updates.html,A gallon of jet fuel has fallen 14% in the past week 7% in the past month and 5% year to date according to FactSet data.
https://www.cnbc.com/2025/11/27/stock-market-today-live-updates.html,American Airlines advanced 0.7% Delta Air Lines rose 0.5% Alaska Air climbed 0.4% and United Airlines and JetBlue Airways each added 0.3%.
https://www.cnbc.com/2025/11/27/stock-market-today-live-updates.html,Stocks opened higher a day after the Thanksgiving holiday.
https://www.cnbc.com/2025/11/27/stock-market-today-live-updates.html,The S&P 500 traded up 0.2% just after the opening bel while the Nasdaq Composite rose 0.3%.
https://www.cnbc.com/2025/11/27/stock-market-today-live-updates.html,The Dow Jones Industrial Average advanced 98 points or 0.2%.
https://www.cnbc.com/2025/11/27/stock-market-today-live-updates.html,"Baird investment strategist Ross Mayfield believes that the cooling issue the Chicago Mercantile Exchange faced on Friday morning ultimately won't have any long-term impacts. ""The disruption in trading activity could result in an uptick in volatility at the open especially in a light volume day but shouldn't have any meaningful longer-term impact "" he said. ""It is however a good example of how vital data centers are to all corners of the economy and how complex of ecosystems that they are."" Services were gradually being restored in U.S. markets as of 8 a.m."
https://www.cnbc.com/2025/11/27/stock-market-today-live-updates.html,ET after certain trading had been halted early Friday morning.
https://www.cnbc.com/2025/11/27/stock-market-today-live-updates.html,These are the stocks moving the most in premarket trading: Read the full list of stocks moving here .
https://www.cnbc.com/2025/11/27/stock-market-today-live-updates.html,Stock futures began trading on Friday morning after a cooling issue at one of the Chicago Mercantile Exchange's data centers caused trading to be halted.
https://www.cnbc.com/2025/11/27/stock-market-today-live-updates.html,Futures linked to the Dow Jones Industrial Average rose 100 points or 0.2% shortly after 8:30 a.m.
https://www.cnbc.com/2025/11/27/stock-market-today-live-updates.html,ET while Nasdaq-100 futures gained 0.4% and S&P 500 futures climbed 0.2%.
https://www.cnbc.com/2025/11/27/stock-market-today-live-updates.html,Services were gradually being restored in U.S. markets as of 8 a.m.
https://www.cnbc.com/2025/11/27/stock-market-today-live-updates.html,ET following a cooling issue at one of the Chicago Mercantile Exchange's data centers.
https://www.cnbc.com/2025/11/27/stock-market-today-live-updates.html,Bonds and metals resumed trading after a pause according to FactSet data and individual stocks were still trading the premarket.
https://www.cnbc.com/2025/11/27/stock-market-today-live-updates.html,Stock futures and options trading would fully open at 8:30 a.m.
https://www.cnbc.com/2025/11/27/stock-market-today-live-updates.html,The major averages were headed for strong weekly gains.
https://www.cnbc.com/2025/11/27/stock-market-today-live-updates.html,However their November performances are another story.
https://www.cnbc.com/2025/11/27/stock-market-today-live-updates.html,"Here's where the benchmark stand for the week through Wednesday's close: Here's a look at their month-to-date losses: Trading came to a standstill on the Chicago Mercantile Exchange on Friday following a cooling issue at one of its data centers. ""Due to a cooling issue at CyrusOne data centers our markets are currently halted "" a spokesperson for the CME said in an emailed statement in the early hours of Friday. ""Support is working to resolve the issue in the near term and will advise clients of Pre-Open details as soon as they are available."" The organization said it may take some time for moves in the impacted contracts to be seen once the outage is resolved."
https://www.cnbc.com/2025/11/27/stock-market-today-live-updates.html,Globex futures and options markets foreign exchange platform EBS markets and BMD markets were all impacted the CME added.
https://www.cnbc.com/2025/11/27/stock-market-today-live-updates.html,Stock futures opened little changed Thursday night.
https://www.cnbc.com/2025/11/27/stock-market-today-live-updates.html,Dow Jones Industrial Average futures rose just 10 points.
https://www.cnbc.com/2025/11/27/stock-market-today-live-updates.html,S&P 500 futures and Nasdaq-100 futures traded just above the flatline.
https://www.cnbc.com/2025/11/25/workday-wday-q3-earnings-report-2026.html,Workday shares slid more than 5% in extended trading Tuesday after the finance and human resources software maker issued quarterly margin guidance that came in below Wall Street projections.
https://www.cnbc.com/2025/11/25/workday-wday-q3-earnings-report-2026.html,Here's how the company did in comparison with LSEG consensus: The company forecast a fourth-quarter adjusted operating margin of at least 28.5% and $2.355 billion in subscription revenue according to a statement .
https://www.cnbc.com/2025/11/25/workday-wday-q3-earnings-report-2026.html,The StreetAccount consensus was a 28.7% margin and $2.35 billion in subscription revenue.
https://www.cnbc.com/2025/11/25/workday-wday-q3-earnings-report-2026.html,Workday's revenue grew about 13% year over year in the fiscal third quarter which ended on Oct. 31.
https://www.cnbc.com/2025/11/25/workday-wday-q3-earnings-report-2026.html,Net income of $252 million or 94 cents per share was up from $193 million or 72 cents per share in the same quarter a year ago.
https://www.cnbc.com/2025/11/25/workday-wday-q3-earnings-report-2026.html,Subscription revenue in the third quarter totaled $2.24 billion with an adjusted operating margin of 28.5%.
https://www.cnbc.com/2025/11/25/workday-wday-q3-earnings-report-2026.html,Analysts polled by StreetAccount had anticipated $2.24 billion in subscription revenue and a 28.1% margin.
https://www.cnbc.com/2025/11/25/workday-wday-q3-earnings-report-2026.html,During the fiscal third quarter Workday announced artificial intelligence agents for analyzing employee performance testing financial health and the company revealed plans to buy AI and learning software startup Sana for $1.1 billion .
https://www.cnbc.com/2025/11/25/workday-wday-q3-earnings-report-2026.html,Also activist investor Elliott Management said it had built a Workday stake worth over $2 billion .
https://www.cnbc.com/2025/11/25/workday-wday-q3-earnings-report-2026.html,Workday encountered some turbulence with higher education institutions that rely on U.S. funding CEO Carl Eschenbach said on a conference call with analysts.
https://www.cnbc.com/2025/11/25/workday-wday-q3-earnings-report-2026.html,Workday has seen its stock decline this year as pundits discuss the risk of generative AI tools threatening the growth prospects for cloud software incumbents.
https://www.cnbc.com/2025/11/25/workday-wday-q3-earnings-report-2026.html,"Company shares have fallen 9% so far in 2025 while the Nasdaq Composite index has gained 19%. ""The narrative we've been hearing in the last couple of quarters is changing and it's coming back to those who are highly penetrated in the enterprise already providing value and are deeply trusted by our customers "" Eschenbach said."
https://www.cnbc.com/2025/11/25/workday-wday-q3-earnings-report-2026.html,Despite rounds of layoffs that companies have been carrying out in recent months the headcount in Workday's customer base is up year over year he said.
https://www.cnbc.com/2025/11/24/stock-market-today-live-updates.html,The Dow Jones Industrial Average closed higher on Tuesday following another winning session with traders evaluating expectations of a Federal Reserve interest rate cut and the state of the artificial intelligence trade.
https://www.cnbc.com/2025/11/24/stock-market-today-live-updates.html,The blue-chip index advanced 664.18 points or 1.43% to close at 47 112.45.
https://www.cnbc.com/2025/11/24/stock-market-today-live-updates.html,The S&P 500 gained 0.91% to settle at 6 765.88 while the Nasdaq Composite climbed 0.67% to finish at 23 025.59.
https://www.cnbc.com/2025/11/24/stock-market-today-live-updates.html,That marks a turnaround from the losses seen earlier in the day.
https://www.cnbc.com/2025/11/24/stock-market-today-live-updates.html,At session lows the S&P 500 was down about 0.7% while the Dow and tech-heavy Nasdaq dropped more than 100 points or 0.2% and more than 1% respectively.
https://www.cnbc.com/2025/11/24/stock-market-today-live-updates.html,Investors continue to watch for any news that can affect the Fed's upcoming monetary policy decision.
https://www.cnbc.com/2025/11/24/stock-market-today-live-updates.html,Markets are pricing in an almost 83% chance of a quarter percentage point cut from the central bank in December per the CME FedWatch tool .
https://www.cnbc.com/2025/11/24/stock-market-today-live-updates.html,Expectations received a bit of boost after Bloomberg reported that White House National Economic Council Director Kevin Hassett is being considered as the frontrunner to become the next Fed chair.
https://www.cnbc.com/2025/11/24/stock-market-today-live-updates.html,Hassett is seen by investors as someone more likely to push the central bank toward a lower-rate regime favored by President Donald Trump.
https://www.cnbc.com/2025/11/24/stock-market-today-live-updates.html,"Treasury Secretary Scott Bessent told CNBC Tuesday that there's a ""very good chance"" that Trump will ""make an announcement before Christmas."" The probability has soared since New York Fed President John Williams said on Friday that there was room to lower rates "" in the near term. "" ""Before Friday we had a 40% chance of a Fed rate cut."
https://www.cnbc.com/2025/11/24/stock-market-today-live-updates.html,Now we have an 80% chance.
https://www.cnbc.com/2025/11/24/stock-market-today-live-updates.html,I've never seen that kind of volatility and expectations for a Fed cut in the span of a few days.
https://www.cnbc.com/2025/11/24/stock-market-today-live-updates.html,"The market is hyper-focused on this issue "" said Ron Albahary LNW's chief investment officer. ""I can't predict the future but it seems like the narrative is trending towards a Fed rate cut [on] Dec. 10 supportive of a Santa Claus rally."" Alphabet was a winner of Tuesday's session closing up 1.5% and scoring new record highs after The Information reported citing sources that Meta Platforms was considering spending billions of dollars on the Google parent's AI chips. ""As compute becomes cheaper will that increase consumption?"
https://www.cnbc.com/2025/11/24/stock-market-today-live-updates.html,Yes it likely will increase consumption and demand for it.
https://www.cnbc.com/2025/11/24/stock-market-today-live-updates.html,"We're seeing that play out I think in real time with Meta buying chips from Google "" Albahary told CNBC. ""I think that bodes well for the broader AI space."" Between Meta reportedly considering Alphabet chip purchases and the latter's announcement just last week of its upgraded AI model known as Gemini 3 the CIO is confident that the broader economy is going to benefit from AI."
https://www.cnbc.com/2025/11/24/stock-market-today-live-updates.html,"He noted that compute costs potentially going down from here could make it a lot easier for non-tech companies to ""take advantage of the productivity gains and drive earnings growth."" However with Nvidia down more than 2% following the report investors could be taking it as a sign that the company's dominance in the AI chips space might be under threat. ""What I'm more concerned about or thinking about is the second-order effects on the broader players like Microsoft and Amazon "" Albahary added. ""Is this a moment in which you might see a change in leadership from the Nvidia's of the world?"" Alphabet had risen more than 6% in the prior day which additionally saw the Nasdaq record its best day since mid-May."
https://www.cnbc.com/2025/11/24/stock-market-today-live-updates.html,"Investors have rallied behind the ""Magnificent Seven"" member as well as Broadcom which are related through their high-performance application-specific chips or ASICs businesses."
https://www.cnbc.com/2025/11/24/stock-market-today-live-updates.html,Although stocks have recovered some of the ground lost last week the three U.S. indexes are still tracking for a losing month as investors have been questioning tech stock valuations.
https://www.cnbc.com/2025/11/24/stock-market-today-live-updates.html,The S&P 500 is down around 1% in November while the Nasdaq has fallen approximately 3%.
https://www.cnbc.com/2025/11/24/stock-market-today-live-updates.html,The 30-stock Dow has shed roughly 1% month to date.
https://www.cnbc.com/2025/11/24/stock-market-today-live-updates.html,The three major averages finished higher on Tuesday scoring their third winning day in a row.
https://www.cnbc.com/2025/11/24/stock-market-today-live-updates.html,The S&P 500 rose 0.91% to conclude the session at 6 765.88 while the Nasdaq Composite traded up 0.67% to end at 23 025.59.
https://www.cnbc.com/2025/11/24/stock-market-today-live-updates.html,The Dow Jones Industrial Average jumped 664.18 points or 1.43% to 47 112.45.
https://www.cnbc.com/2025/11/24/stock-market-today-live-updates.html,"Nvidia on Tuesday said its tech remains a generation ahead of the industry in response to Wall Street's concerns that the company's dominance of AI infrastructure could be threatened by Google's AI chips. ""We're delighted by Google's success — they've made great advances in AI and we continue to supply to Google "" Nvidia said in a post on X. ""NVIDIA is a generation ahead of the industry — it's the only platform that runs every AI model and does it everywhere computing is done."" Read more ."
https://www.cnbc.com/2025/11/24/stock-market-today-live-updates.html,"The market could be due for a bit of a pullback over the few days left in November according to Jonathan Krinsky BTIG chief market technician. ""Our best guess is that indices see a bit more strength into Tuesday or early Wednesday then some consolidation through the Thanksgiving holiday into month-end "" he wrote in a note dated Monday. ""The set-up for December in our view will be determined by the rest of this week."" Krinsky added that if the S&P 500 continues to see gains and reaches 6 800 to 6 850 by Friday he expects ""a bit of a hangover in early December."" In contrast if the index stays around 6 750 December trading could start off ""on a strong note."" The U.S. government began the 2026 with a fiscal deficit some 10% higher than the same month a year ago as high financing costs for the nation's $38.3 trillion debt took its toll on national finances."
https://www.cnbc.com/2025/11/24/stock-market-today-live-updates.html,For October the budget shortfall totaled $284.3 billion up nearly $27 billion for the same period a year ago.
https://www.cnbc.com/2025/11/24/stock-market-today-live-updates.html,Revenue increased by $78 billion from October 2024 but expenses rose by $105 billion.
https://www.cnbc.com/2025/11/24/stock-market-today-live-updates.html,However when calculated for a calendar adjustment the deficit was just $180 billion or a 29% decrease from the adjusted October 2024 level.
https://www.cnbc.com/2025/11/24/stock-market-today-live-updates.html,The adjustment came because Nov. 1 2025 fell on weekend causing an acceleration of benefit payments that went into the October figures.
https://www.cnbc.com/2025/11/24/stock-market-today-live-updates.html,Net interest on the debt totaled $91 billion the fourth-highest expenditure and $11 billion higher than October 2024.
https://www.cnbc.com/2025/11/24/stock-market-today-live-updates.html,Tariff collections helped offset some of the shortfall totaling $33 billion on the month up 316% from a year ago.
https://www.cnbc.com/2025/11/24/stock-market-today-live-updates.html,With higher expectations that the Federal Reserve is going to cut its key overnight borrowing rate at its December meeting stocks that are expected to benefit from either lower interest rates or faster economic growth were outperforming during Tuesday's session.
https://www.cnbc.com/2025/11/24/stock-market-today-live-updates.html,As of afternoon trading the State Street SPDR S&P Retail ETF (XRT) was up more than 4% while the State Street SPDR S&P Homebuilders ETF (XHB) and the State Street SPDR S&P Regional Banking ETF (KRE) gained nearly 4% and about 3% respectively.
https://www.cnbc.com/2025/11/24/stock-market-today-live-updates.html,The S&P 500 consumer discretionary sector also advanced 1.8% helping lead the broad market index higher.
https://www.cnbc.com/2025/11/24/stock-market-today-live-updates.html,On Tuesday 34 stocks in the S&P 500 traded at new 52-week highs.
https://www.cnbc.com/2025/11/24/stock-market-today-live-updates.html,Tickers that hit this milestone included: Just one stock traded at a new 52-week low: Linde . — Christopher Hayes Lisa Kailai Han The fight between Nvidia and one of its loudest naysayers investor Michael Burry is escalating.
https://www.cnbc.com/2025/11/24/stock-market-today-live-updates.html,"Following the ""Big Short"" investor's series of social media posts arguing that the artificial intelligence investment boom is replaying the dotcom bubble from the 1990s with Nvidia at the center of it the chipmaker quietly circulated a private memo to analysts that explicitly name-checked Burry to push back on many of his claims. ""Nvidia emailed a memo to Wall Street sell side analysts to push back on my arguments on SBC and Depreciation."
https://www.cnbc.com/2025/11/24/stock-market-today-live-updates.html,"I stand by my analysis "" Burry said in a post on Substack referring to stock-based compensation. ""I am not claiming Nvidia is Enron."
https://www.cnbc.com/2025/11/24/stock-market-today-live-updates.html,"It is clearly Cisco ."" Read more ."
https://www.cnbc.com/2025/11/24/stock-market-today-live-updates.html,Investment firm Roth is jumped to the defense of the artificial intelligence trade.
https://www.cnbc.com/2025/11/24/stock-market-today-live-updates.html,While AI stocks have seen tumultuous trading over recent days senior analyst Rohit Kulkarni said the sector should have more room to grow.
https://www.cnbc.com/2025/11/24/stock-market-today-live-updates.html,"He said 2026 could be the year when AI starts a multiyear growth period. ""Recent market jitters have come from rising skepticism about AI's long-term potential and renewed worry that the massive investments of the past year may not generate sufficient returns "" he wrote to clients in a Tuesday note. ""But reading through the tea leaves we see more evidence supporting the opposite view: the fundamental signals point to AI innovation not having hit its ceiling and underlying economic drivers continue to trend in the right direction."" Kulkarni said Alphabet 's strong Gemini 3 model should lead to major breakthroughs in models tied to Nvidia 's Blackwell chips."
https://www.cnbc.com/2025/11/24/stock-market-today-live-updates.html,"He said building constraints provide a ""stabilizing force"" for the industry and stretch out the cycle while hyperscalers are seeing better returns on invested capital."
https://www.cnbc.com/2025/11/24/stock-market-today-live-updates.html,In a Tuesday note Rothschild & Co Redburn downgraded beauty brand Estée Lauder to a sell rating.
https://www.cnbc.com/2025/11/24/stock-market-today-live-updates.html,Shares of Estée Lauder have popped more than 24% this year.
https://www.cnbc.com/2025/11/24/stock-market-today-live-updates.html,The company's $70 price target represents a downside ahead of 25%.
https://www.cnbc.com/2025/11/24/stock-market-today-live-updates.html,"The stock was last trading 2% lower in Tuesday's premarket session. ""Under new management and the 'Beauty Reimagined' strategic vision Estée Lauder is undergoing major changes to reignite top-line growth and in turn profitability."
https://www.cnbc.com/2025/11/24/stock-market-today-live-updates.html,"This comes after a period of underperformance as a result of overexposure to Asian Travel Retail and importantly long-standing weakness in the U.S. "" the investment firm wrote."
https://www.cnbc.com/2025/11/24/stock-market-today-live-updates.html,"It added: ""While early signs of improvement are evident we argue that although organic sales growth can recover to c4.5% pa from FY28 this requires greater and more drastic investments which in turn put the mid-term operating margin at risk when valuation is discounting a strong recovery."" Consumers soured on the current economy and their prospects for the future with worries growing over the ability to find a job according to a Conference Board survey released Tuesday."
https://www.cnbc.com/2025/11/24/stock-market-today-live-updates.html,The board's Consumer Confidence Index for November slumped to 88.7 a drop of 6.8 points from the prior month for its lowest reading since April.
https://www.cnbc.com/2025/11/24/stock-market-today-live-updates.html,Economists surveyed by Dow Jones were looking for a reading of 93.2.
https://www.cnbc.com/2025/11/24/stock-market-today-live-updates.html,Nvidia 's Tuesday slide put the stock on track for its biggest monthly decline since the market rout of 2022.
https://www.cnbc.com/2025/11/24/stock-market-today-live-updates.html,The stock has fallen about 15% month to date.
https://www.cnbc.com/2025/11/24/stock-market-today-live-updates.html,If that holds through the end of November it would mark the stock's worst month since September 2022 when shares tumbled more than 19%.
https://www.cnbc.com/2025/11/24/stock-market-today-live-updates.html,A chunk of that decline came Tuesday with Nvidia dropping more than 5% in morning trading.
https://www.cnbc.com/2025/11/24/stock-market-today-live-updates.html,Tuesday's move came after The Information reported that Meta is considering using Google chips in its data centers in 2027.
https://www.cnbc.com/2025/11/24/stock-market-today-live-updates.html,Despite Nvidia's recent pullback shares are still poised to end 2025 higher by around 28%.
https://www.cnbc.com/2025/11/24/stock-market-today-live-updates.html,The Nasdaq Composite and S&P 500 began Tuesday's session with losses.
https://www.cnbc.com/2025/11/24/stock-market-today-live-updates.html,The tech-heavy Nasdaq dropped 0.4% just after the opening bell and the broad market S&P 500 slid 0.1%.
https://www.cnbc.com/2025/11/24/stock-market-today-live-updates.html,The Dow Jones Industrial Average gained 146 points or 0.3%.
https://www.cnbc.com/2025/11/24/stock-market-today-live-updates.html,These stocks are making the biggest moves in premarket trading: The U.S. labor market is showing further signs of weakening as the pace of layoffs has picked up over the past four weeks payrolls processing firm ADP reported Tuesday.
https://www.cnbc.com/2025/11/24/stock-market-today-live-updates.html,Private companies lost an average of 13 500 jobs a week over the past four weeks ADP said as part of a running update it has been providing.
https://www.cnbc.com/2025/11/24/stock-market-today-live-updates.html,That's an acceleration from the 2 500 jobs a week lost in the last update a week ago.
https://www.cnbc.com/2025/11/24/stock-market-today-live-updates.html,With the government shutdown still impacting data releases alternative data like ADP's has been filling in the blanks on the economic picture.
https://www.cnbc.com/2025/11/24/stock-market-today-live-updates.html,Treasury Secretary Scott Bessent said Tuesday he expects President Donald Trump to make a decision on the new Federal Reserve chair by the holiday season.
https://www.cnbc.com/2025/11/24/stock-market-today-live-updates.html,"In a CNBC interview Bessent who has been heading the search for a successor to current Chair Jerome Powell said he still has one interview to go and was not ready to speculate on who might get the job. ""I think there's a very good chance that the president will make an announcement before Christmas "" he said. ""But it's his prerogative whether It's the before the Christmas holidays or in the new year."
https://www.cnbc.com/2025/11/24/stock-market-today-live-updates.html,"But I think things are moving along very well."" Read more ."
https://www.cnbc.com/2025/11/24/stock-market-today-live-updates.html,Shares of Abercrombie & Fitch soared 18% in premarket trading on Tuesday after the company posted 7% growth in quarterly sales and issued its holiday guidance.
https://www.cnbc.com/2025/11/24/stock-market-today-live-updates.html,Abercrombie which runs its namesake brand and Hollister is expecting fourth-quarter sales to climb between 4% and 6% which is largely below Wall Street expectations of 5.6% growth according to LSEG.
https://www.cnbc.com/2025/11/24/stock-market-today-live-updates.html,Best Buy hiked its full-year forecast Tuesday as it topped Wall Street's quarterly sales expectations and customers turned to the retailer to upgrade tech devices and splurge on new computers gaming consoles and smartphones.
https://www.cnbc.com/2025/11/24/stock-market-today-live-updates.html,The consumer electronics retailer said it now expects revenue of between $41.65 billion to $41.95 billion for the full year higher than its previous range of $41.1 billion to $41.9 billion.
https://www.cnbc.com/2025/11/24/stock-market-today-live-updates.html,It expects adjusted earnings per share of $6.25 to $6.35 compared to its prior range $6.15 to $6.30.
https://www.cnbc.com/2025/11/24/stock-market-today-live-updates.html,Best Buy said it expects full-year comparable sales a metric that tracks sales online and at stores open at least 14 months to range between a 0.5% rise to a 1.2% increase compared to its previous expectations for a 1% decline and a 1% climb.
https://www.cnbc.com/2025/11/24/stock-market-today-live-updates.html,Dick's Sporting Goods is planning to close a slew of Foot Locker stores now that its acquisition of the sneaker company is complete the company said Tuesday when announcing fiscal third-quarter earnings .
https://www.cnbc.com/2025/11/24/stock-market-today-live-updates.html,"It's unclear how many stores Dick's plans to shutter but the closures are part of a larger restructuring it's implementing so Foot Locker isn't a drag on its profits come fiscal 2026 Dick's executive chairman Ed Stack told CNBC's Courtney Reagan . ""We need to clean out the garage "" said Stack. ""We've taken pretty aggressive markdowns to clean out old merchandise."
https://www.cnbc.com/2025/11/24/stock-market-today-live-updates.html,We're impairing some store assets.
https://www.cnbc.com/2025/11/24/stock-market-today-live-updates.html,"We'll close some stores… everything we're doing is there to protect 2026 and just kind of do this one time."" Read more ."
https://www.cnbc.com/2025/11/24/stock-market-today-live-updates.html,Nvidia shares were down 3% after The Information reported citing sources that Meta Platforms was considering spending billions of dollars on Alphabet's AI chips.
https://www.cnbc.com/2025/11/24/stock-market-today-live-updates.html,Alphabet shares were up 4% on the back of the report.
https://www.cnbc.com/2025/11/24/stock-market-today-live-updates.html,The CBOE Market Volatility Index (VIX) closed at 20.52 on Monday near the session low of 20.41 and far below last week's high of 28.27 reached on Thursday after the market reversed course following Nvidia's third-quarter earnings.
https://www.cnbc.com/2025/11/24/stock-market-today-live-updates.html,"Monday's close for what's sometimes called Wall Street's ""fear gauge"" was the lowest since Friday Nov. 14."
https://www.cnbc.com/2025/11/24/stock-market-today-live-updates.html,The VIX is derived from weighted prices of S&P 500 index options and calculates the market's 30-day expected volatility showing how much fear or uncertainty traders have.
https://www.cnbc.com/2025/11/24/stock-market-today-live-updates.html,A high VIX shows investors expect larger swings in prices while a low VIX suggests less price movement is expected.
https://www.cnbc.com/2025/11/24/stock-market-today-live-updates.html,Check out the companies making headlines in after-hours trading.
https://www.cnbc.com/2025/11/24/stock-market-today-live-updates.html,For the full list read here .
https://www.cnbc.com/2025/11/24/stock-market-today-live-updates.html,ET on Monday futures tied to the S&P 500 and Nasdaq-100 futures each gained less than 0.1%.
https://www.cnbc.com/2025/11/24/stock-market-today-live-updates.html,Futures tied to the Dow Jones Industrial Average shed 8 points hovering just below the flatline.
https://www.cnbc.com/2025/11/28/asia-markets-live.html,Asia-Pacific markets traded mixed Friday as U.S. stock futures stayed flat over Thanksgiving Day leaving the Nasdaq Composite on track to end a seven-month winning streak.
https://www.cnbc.com/2025/11/28/asia-markets-live.html,Traders in Asia will parse fresh economic data including Tokyo's inflation print a leading indicator of Japan's broader price trends.
https://www.cnbc.com/2025/11/28/asia-markets-live.html,Headline inflation in Japan's capital eased to 2.7% in October from 2.8% the month before.
https://www.cnbc.com/2025/11/28/asia-markets-live.html,Core inflation which strips out prices of fresh food but includes energy prices came in at 2.8% slightly higher than the 2.7% expected by economists polled by Reuters.
https://www.cnbc.com/2025/11/28/asia-markets-live.html,This was above the central bank's 2% target boosting the case for a near-term rate hike.
https://www.cnbc.com/2025/11/28/asia-markets-live.html,Investors will also watch India's GDP for its fiscal second quarter through September later in the day.
https://www.cnbc.com/2025/11/28/asia-markets-live.html,Japan's Nikkei 225 rose 0.17% to 50 253.91 while the broad-based Topix was 0.29% higher to end at 3 378.44.
https://www.cnbc.com/2025/11/28/asia-markets-live.html,Both Japanese indexes marked their third day of gains.
https://www.cnbc.com/2025/11/28/asia-markets-live.html,South Korea's Kospi was down 1.51% and closed at 3 926.59 and the small-cap Kosdaq gained 3.71% and finished at 912.67.
https://www.cnbc.com/2025/11/28/asia-markets-live.html,Enchem a battery materials maker listed on the Kosdaq surged by over 16% after South Korean media reported it had won an order from Chinese battery maker Contemporary Amperex Technology Limited or CATL.
https://www.cnbc.com/2025/11/28/asia-markets-live.html,LG Energy Solution slipped over 6.8% making it the largest loser on the Kospi after parent LG Chem said it would pare its stake to about 70% from its current level of almost 80% in order to improve shareholder returns.
https://www.cnbc.com/2025/11/28/asia-markets-live.html,Australia's S&P/ASX 200 was marginally lower closing at 8 614.1.
https://www.cnbc.com/2025/11/28/asia-markets-live.html,Hong Kong's Hang Seng index dropped 0.34% finishing at 25 858.89 while the mainland Chinese CSI 300 rose 0.25% to end at 4 526.67.
https://www.cnbc.com/2025/11/28/asia-markets-live.html,Shares of property developer China Vanke gained 1.12% in Hong Kong after falling to an all-time low.
https://www.cnbc.com/2025/11/28/asia-markets-live.html,India's Nifty 50 was flat and the BSE Sensex index climbed 0.1%.
https://www.cnbc.com/2025/11/28/asia-markets-live.html,Overnight in the U.S. all three major indexes were little changed.
https://www.cnbc.com/2025/11/28/asia-markets-live.html,Stocks are on pace for a losing month when trading resumes on Friday.
https://www.cnbc.com/2025/11/28/asia-markets-live.html,A pullback in tech stocks has weighed on the major averages in November as doubt swirled around the future profitability of AI companies.
https://www.cnbc.com/2025/11/28/asia-markets-live.html,Yet some investors are hopeful that this month's slide will signal a year-end rally for the major averages as they step in to buy stocks that have been unduly punished at more attractive valuations.
https://www.cnbc.com/2025/11/28/asia-markets-live.html,U.S. markets were closed Thursday for Thanksgiving Day.
https://www.cnbc.com/2025/11/28/asia-markets-live.html,ET on Friday. — CNBC's Sean Conlon and Pia Singh contributed to this report.
https://www.cnbc.com/2025/11/25/hp-inc-shares-fall-as-company-says-it-will-cut-up-to-6000-employees.html,PC and printer maker HP Inc. said Tuesday it'll lower its headcount by 4 000 to 6 000 people representing a cut of up to 10%.
https://www.cnbc.com/2025/11/25/hp-inc-shares-fall-as-company-says-it-will-cut-up-to-6000-employees.html,HP also issued a lower-than-expected earnings projection for the new fiscal year.
https://www.cnbc.com/2025/11/25/hp-inc-shares-fall-as-company-says-it-will-cut-up-to-6000-employees.html,Shares of the company fell 6% in extended trading.
https://www.cnbc.com/2025/11/25/hp-inc-shares-fall-as-company-says-it-will-cut-up-to-6000-employees.html,Here's how HP did versus LSEG consensus estimates: HP's revenue increased 4% year over year in the quarter which ended on Oct. 31 according to a statement .
https://www.cnbc.com/2025/11/25/hp-inc-shares-fall-as-company-says-it-will-cut-up-to-6000-employees.html,Net income of $795 million or 84 cents per share was up from $763 million or 80 cents per share in the same quarter a year ago.
https://www.cnbc.com/2025/11/25/hp-inc-shares-fall-as-company-says-it-will-cut-up-to-6000-employees.html,For the first quarter of HP's fiscal 2026 the company called for 73 cents to 81 cents in adjusted net earnings per share while the LSEG consensus was 79 cents.
https://www.cnbc.com/2025/11/25/hp-inc-shares-fall-as-company-says-it-will-cut-up-to-6000-employees.html,"For all of fiscal 2026 HP sees $2.90 to $3.20 in adjusted per share below the LSEG consensus of $3.33. ""HP's outlook reflects the added cost driven by the current U.S. trade-related regulations in place and associated mitigations "" the company said in the statement."
https://www.cnbc.com/2025/11/25/hp-inc-shares-fall-as-company-says-it-will-cut-up-to-6000-employees.html,The company's personal systems unit that includes desktop and laptop computers contributed $10.35 billion in revenue up 8% and above StreetAccount's $10.15 billion consensus.
https://www.cnbc.com/2025/11/25/hp-inc-shares-fall-as-company-says-it-will-cut-up-to-6000-employees.html,HP said it expects to complete the headcount reduction by the end of fiscal 2028.
https://www.cnbc.com/2025/11/25/hp-inc-shares-fall-as-company-says-it-will-cut-up-to-6000-employees.html,The company said the restructuring will result in savings of at least $1 billion in annualized gross run rate by the end of fiscal 2028.
https://www.cnbc.com/2025/11/25/hp-inc-shares-fall-as-company-says-it-will-cut-up-to-6000-employees.html,"HP said it expects to incur about $650 million in charges of which $250 million will happen in fiscal 2026. ""As we look ahead we see a significant opportunity to embed AI into HP to accelerate product innovation improve customer satisfaction and boost productivity "" HP CEO Enrique Lores said on a conference call with analysts."
https://www.cnbc.com/2025/11/25/hp-inc-shares-fall-as-company-says-it-will-cut-up-to-6000-employees.html,Corporate executives across industries are hoping to draw on generative artificial intelligence products to speed up software developers and automate customer service.
https://www.cnbc.com/2025/11/25/hp-inc-shares-fall-as-company-says-it-will-cut-up-to-6000-employees.html,Cloud providers are buying large supplies of memory to meet computing demand from companies that build AI models such as Anthropic and OpenAI leading to a rise in the cost per gigabyte of RAM this year.
https://www.cnbc.com/2025/11/25/hp-inc-shares-fall-as-company-says-it-will-cut-up-to-6000-employees.html,HP whose headcount stood at 58 000 as of December announced a similarly sized round of layoffs in 2022 .
https://www.cnbc.com/2025/11/25/hp-inc-shares-fall-as-company-says-it-will-cut-up-to-6000-employees.html,"Several other technology companies have announced layoffs in recent months as U.S. consumers face higher prices and interest rates. ""Memory costs are currently 15 to 18% of the cost of a typical PC and while an increase was expected its rate has accelerated in the last few weeks "" Lores said."
https://www.cnbc.com/2025/11/25/hp-inc-shares-fall-as-company-says-it-will-cut-up-to-6000-employees.html,The company does expect to benefit after Microsoft stopped supporting its Windows 10 operating system in October which will lead people to buy new machines Lores said.
https://www.cnbc.com/2025/11/25/hp-inc-shares-fall-as-company-says-it-will-cut-up-to-6000-employees.html,Around 60% of HP's installed base has moved to Windows 11 he said.
https://www.cnbc.com/2025/11/25/hp-inc-shares-fall-as-company-says-it-will-cut-up-to-6000-employees.html,HP's printing business did $4.3 billion in revenue down 4%.
https://www.cnbc.com/2025/11/25/hp-inc-shares-fall-as-company-says-it-will-cut-up-to-6000-employees.html,The pricing environment is competitive and customers are putting off purchases of new models said Karen Parkhill the company's finance chief.
https://www.cnbc.com/2025/11/25/hp-inc-shares-fall-as-company-says-it-will-cut-up-to-6000-employees.html,As of Tuesday's close HP shares were down 25% for the year while the S&P 500 index has gained 15% in the same period.
https://www.cnbc.com/2025/11/25/european-markets-on-nov-25-2025-stoxx-600-ftse-dax-cac.html,The pan-European Stoxx 600 closed the session preliminarily 0.9% higher with most major bourses and sectors in positive territory at the closing bell in London.
https://www.cnbc.com/2025/11/25/european-markets-on-nov-25-2025-stoxx-600-ftse-dax-cac.html,The moves come after major U.S. averages rebounded on Monday driven by strength in the artificial intelligence trade and renewed hopes of a Federal Reserve interest rate cut.
https://www.cnbc.com/2025/11/25/european-markets-on-nov-25-2025-stoxx-600-ftse-dax-cac.html,Asia-Pacific markets also traded higher overnight boosted by Wall Street's rally.
https://www.cnbc.com/2025/11/25/european-markets-on-nov-25-2025-stoxx-600-ftse-dax-cac.html,Traders continue to watch for any news that can affect the Fed's upcoming monetary policy decision.
https://www.cnbc.com/2025/11/25/european-markets-on-nov-25-2025-stoxx-600-ftse-dax-cac.html,Markets are pricing in a more than 80% chance of a quarter percentage point cut from the Fed in December according to the CME FedWatch Tool .
https://www.cnbc.com/2025/11/25/european-markets-on-nov-25-2025-stoxx-600-ftse-dax-cac.html,"The probability has risen since New York Fed President John Williams said last Friday that there was room to lower rates ""in the near term."" San Francisco Fed President Mary Daly told the Wall Street Journal on Monday that she supports lowering rates due to labor market concerns."
https://www.cnbc.com/2025/11/25/european-markets-on-nov-25-2025-stoxx-600-ftse-dax-cac.html,In corporate news Dutch lender ABN Amro announced Tuesday that it would cut 5 200 jobs by 2028 as it looks to streamline operations and reduce costs.
https://www.cnbc.com/2025/11/25/european-markets-on-nov-25-2025-stoxx-600-ftse-dax-cac.html,The bank also said in the update ahead of its Capital Markets Day that it had agreed to sell its personal loans subsidiary Alfam to Rabobank.
https://www.cnbc.com/2025/11/25/european-markets-on-nov-25-2025-stoxx-600-ftse-dax-cac.html,Shares of ABN Amro closed the session 6.5% higher.
https://www.cnbc.com/2025/11/25/european-markets-on-nov-25-2025-stoxx-600-ftse-dax-cac.html,Novo Nordisk shares rose 4.5% after the Danish drugmaker reported positive results from a mid-stage trial of its next-generation obesity drug Amycretin.
https://www.cnbc.com/2025/11/25/european-markets-on-nov-25-2025-stoxx-600-ftse-dax-cac.html,The experimental medicine targets the gut hormone GLP-1 as well as a pancreatic hormone called amylin and showed weight loss of up to 14.5% over 36 weeks in patients with type 2 diabetes.
https://www.cnbc.com/2025/11/25/european-markets-on-nov-25-2025-stoxx-600-ftse-dax-cac.html,Novo shares are also rebounding following a 5.8% drop Monday after a key trial for Alzheimer's disease failed to hit its target.
https://www.cnbc.com/2025/11/25/european-markets-on-nov-25-2025-stoxx-600-ftse-dax-cac.html,Meanwhile British budget airline easyJet reported stronger-than-expected operating profit for its fiscal full year on Tuesday.
https://www.cnbc.com/2025/11/25/european-markets-on-nov-25-2025-stoxx-600-ftse-dax-cac.html,The company's shares were trading 1.5% lower rebounding from earlier losses.
https://www.cnbc.com/2025/11/25/european-markets-on-nov-25-2025-stoxx-600-ftse-dax-cac.html,Tech stocks still appeared choppy with Dutch chipmaker ASMI falling 1.5%.
https://www.cnbc.com/2025/11/25/european-markets-on-nov-25-2025-stoxx-600-ftse-dax-cac.html,The move echoes a Tuesday retreat of the tech-heavy Nasdaq Composite .
https://www.cnbc.com/2025/11/25/european-markets-on-nov-25-2025-stoxx-600-ftse-dax-cac.html,ASML pared earlier losses to end up 0.2%.
https://www.cnbc.com/2025/11/25/european-markets-on-nov-25-2025-stoxx-600-ftse-dax-cac.html,Elsewhere regional defense stocks have been volatile over the past week as the U.S. continues its push for progress on a peace deal for Ukraine.
https://www.cnbc.com/2025/11/25/european-markets-on-nov-25-2025-stoxx-600-ftse-dax-cac.html,The sector staged a modest recovery on Tuesday following two consecutive sessions of steep losses.
https://www.cnbc.com/2025/11/25/european-markets-on-nov-25-2025-stoxx-600-ftse-dax-cac.html,Defense stocks posting the biggest gains in early trade included Germany's Renk up 4.6% and Rheinmetall up 1.7%.
https://www.cnbc.com/2025/11/25/european-markets-on-nov-25-2025-stoxx-600-ftse-dax-cac.html,It comes as Ukraine has reportedly agreed to the framework of a potential peace deal marking a potentially significant step toward ending Russia's multi-year war on its neighbor if it is confirmed.
https://www.cnbc.com/2025/11/25/european-markets-on-nov-25-2025-stoxx-600-ftse-dax-cac.html,On Monday European Union leaders convened to discuss the 28-point peace plan that had initially been drafted by American and Russian officials with no input from Ukraine or the rest of Europe.
https://www.cnbc.com/2025/11/25/european-markets-on-nov-25-2025-stoxx-600-ftse-dax-cac.html,Under the preliminary draft Ukraine would reportedly have had to make significant concessions to Russia — including giving away land occupied after the full-scale invasion and downsizing its military — in order to end the war.
https://www.cnbc.com/2025/11/25/european-markets-on-nov-25-2025-stoxx-600-ftse-dax-cac.html,The Stoxx Aerospace and Defense Index was last seen almost 1% higher.
https://www.cnbc.com/2025/11/25/european-markets-on-nov-25-2025-stoxx-600-ftse-dax-cac.html,"In a statement following the meeting European Commission President Ursula von der Leyen said Europe held a central role in shaping Ukraine's future. ""These are our core European principles moving forward: Ukraine's territory and sovereignty must be respected "" she said. ""Only Ukraine as a sovereign country can make decisions regarding their armed forces the choice of their destiny is in their own hands."" She added that talks among the so-called Coalition of the Willing would continue on Tuesday."
https://www.cnbc.com/2025/11/25/european-markets-on-nov-25-2025-stoxx-600-ftse-dax-cac.html,Investors in the U.K. are also gearing up for the Autumn Budget on Wednesday with a raft of tax hikes expected to be announced by U.K.
https://www.cnbc.com/2025/11/25/european-markets-on-nov-25-2025-stoxx-600-ftse-dax-cac.html,Chancellor Rachel Reeves. — CNBC's Pia Singh contributed to this market report.
https://www.cnbc.com/2025/11/23/top-wall-street-analysts-favor-these-3-stocks-for-solid-upside.html,Concerns about the steep valuations of artificial intelligence (AI) stocks and a questionable outlook for an interest rate cut in December weighed on investor sentiment in recent trading sessions.
https://www.cnbc.com/2025/11/23/top-wall-street-analysts-favor-these-3-stocks-for-solid-upside.html,For now however Nvidia 's solid earnings last week seemed to undermine the idea that everything tied to AI investment is in a bubble.
https://www.cnbc.com/2025/11/23/top-wall-street-analysts-favor-these-3-stocks-for-solid-upside.html,Investors looking to capitalize on the recent selloff and pick up some attractive stocks for the long term can track the recommendations of top Wall Street analysts.
https://www.cnbc.com/2025/11/23/top-wall-street-analysts-favor-these-3-stocks-for-solid-upside.html,These experts can help provide key insights into a company's growth potential.
https://www.cnbc.com/2025/11/23/top-wall-street-analysts-favor-these-3-stocks-for-solid-upside.html,Here are three stocks favored by the Street's top pros according to TipRanks a platform that ranks analysts based on their past performance.
https://www.cnbc.com/2025/11/23/top-wall-street-analysts-favor-these-3-stocks-for-solid-upside.html,Windows and Xbox owner Microsoft ( MSFT ) is viewed as one of the major beneficiaries of the AI boom.
https://www.cnbc.com/2025/11/23/top-wall-street-analysts-favor-these-3-stocks-for-solid-upside.html,Last month the company reported better-than-expected results in its fiscal first quarter with revenue from the Azure cloud business growing by 40%.
https://www.cnbc.com/2025/11/23/top-wall-street-analysts-favor-these-3-stocks-for-solid-upside.html,Recently Baird analyst William Power initiated coverage on Microsoft with a buy rating and a price target of $600 .
https://www.cnbc.com/2025/11/23/top-wall-street-analysts-favor-these-3-stocks-for-solid-upside.html,"TipRanks' AI Analyst is also optimistic on MSFT giving it an ""outperform"" rating and a price target of $628. ""Microsoft is leading the AI revolution with infrastructure and applications aided by its OpenAI relationship providing an end-to-end AI platform for enterprises and consumers alike "" said Power explaining his optimism."
https://www.cnbc.com/2025/11/23/top-wall-street-analysts-favor-these-3-stocks-for-solid-upside.html,Power sees MSFT's partnership with ChatGPT parent OpenAI as a key differentiator helping it run AI at scale and speed.
https://www.cnbc.com/2025/11/23/top-wall-street-analysts-favor-these-3-stocks-for-solid-upside.html,The 5-star analyst said that after a commitment to invest $13 billion Microsoft recently announced an incremental $250 billion Azure investment over several years.
https://www.cnbc.com/2025/11/23/top-wall-street-analysts-favor-these-3-stocks-for-solid-upside.html,The analyst discussed the impressive growth in MSFT's total revenue and Azure business in the September quarter with the cloud business now constituting 60% of the overall top line.
https://www.cnbc.com/2025/11/23/top-wall-street-analysts-favor-these-3-stocks-for-solid-upside.html,Power also highlighted the strength in Microsoft's core applications including Microsoft 365 LinkedIn and Dynamics.
https://www.cnbc.com/2025/11/23/top-wall-street-analysts-favor-these-3-stocks-for-solid-upside.html,He noted that MSFT's revenue growth in Q1 FY26 was accompanied by a solid operating margin of 49% and free cash flow margin of 33%.
https://www.cnbc.com/2025/11/23/top-wall-street-analysts-favor-these-3-stocks-for-solid-upside.html,Microsoft's strong margins are ensuring continued double-digit EPS growth he said.
https://www.cnbc.com/2025/11/23/top-wall-street-analysts-favor-these-3-stocks-for-solid-upside.html,Power believes in Microsoft's near- and long-term potential despite any immediate pressure stemming from AI capital spending concerns.
https://www.cnbc.com/2025/11/23/top-wall-street-analysts-favor-these-3-stocks-for-solid-upside.html,Power ranks No. 287 among more than 10 100 analysts tracked by TipRanks.
https://www.cnbc.com/2025/11/23/top-wall-street-analysts-favor-these-3-stocks-for-solid-upside.html,His ratings have been successful 57% of the time delivering an average return of 17%.
https://www.cnbc.com/2025/11/23/top-wall-street-analysts-favor-these-3-stocks-for-solid-upside.html,See Microsoft Ownership Structure on TipRanks.
https://www.cnbc.com/2025/11/23/top-wall-street-analysts-favor-these-3-stocks-for-solid-upside.html,Online travel agent (OTA) Booking Holdings ( BKNG ) is another pick this week.
https://www.cnbc.com/2025/11/23/top-wall-street-analysts-favor-these-3-stocks-for-solid-upside.html,The Priceline and Kayak owner posted impressive third-quarter results with double-digit gains in gross bookings and revenue.
https://www.cnbc.com/2025/11/23/top-wall-street-analysts-favor-these-3-stocks-for-solid-upside.html,Impressed by the Q3 performance and attractive valuation Wedbush analyst Scott Devitt upgraded BKNG to buy from hold with a price targe of $6 000 .
https://www.cnbc.com/2025/11/23/top-wall-street-analysts-favor-these-3-stocks-for-solid-upside.html,"By comparison TipRanks' AI Analyst has a ""neutral"" rating on Booking Holdings with a price target of $5 406. ""Booking remains the best-positioned OTA in our view "" benefiting from several positives from the company's scale and diversification to solid liquidity to free cash flow conversion Devitt said."
https://www.cnbc.com/2025/11/23/top-wall-street-analysts-favor-these-3-stocks-for-solid-upside.html,The top-rated analyst also noted management's impressive history of successfully executing major strategic initiatives.
https://www.cnbc.com/2025/11/23/top-wall-street-analysts-favor-these-3-stocks-for-solid-upside.html,Devitt highlighted Booking Holdings' widening market share in alternative lodging while optimizing costs and driving efficiencies.
https://www.cnbc.com/2025/11/23/top-wall-street-analysts-favor-these-3-stocks-for-solid-upside.html,The company's cost savings are supporting reinvestment in growth initiatives to achieve longer-term targets he said.
https://www.cnbc.com/2025/11/23/top-wall-street-analysts-favor-these-3-stocks-for-solid-upside.html,Additionally Devitt discussed Booking's impressive growth across key metrics in the third quarter amid better-than-anticipated global travel demand.
https://www.cnbc.com/2025/11/23/top-wall-street-analysts-favor-these-3-stocks-for-solid-upside.html,Third-quarter gross bookings growth of 14% surpassed management's guidance by 400 basis points the analyst said.
https://www.cnbc.com/2025/11/23/top-wall-street-analysts-favor-these-3-stocks-for-solid-upside.html,ASs a result Devitt raised his 2025 gross bookings growth estimate by 100 basis points from his prior forecast to 11.5%.
https://www.cnbc.com/2025/11/23/top-wall-street-analysts-favor-these-3-stocks-for-solid-upside.html,Further he expects BKNG to report adjusted EBITDA of $9.8 billion reflecting year-over-year margin expansion of about 180 basis points.
https://www.cnbc.com/2025/11/23/top-wall-street-analysts-favor-these-3-stocks-for-solid-upside.html,Devitt ranks No. 660 among more than 10 100 analysts tracked by TipRanks.
https://www.cnbc.com/2025/11/23/top-wall-street-analysts-favor-these-3-stocks-for-solid-upside.html,His ratings have been profitable 50% of the time delivering an average return of 12.3%.
https://www.cnbc.com/2025/11/23/top-wall-street-analysts-favor-these-3-stocks-for-solid-upside.html,See Booking Holdings Financials on TipRanks.
https://www.cnbc.com/2025/11/23/top-wall-street-analysts-favor-these-3-stocks-for-solid-upside.html,Devitt also upgraded his rating for food delivery platform DoorDash ( DASH ) to buy from hold with a price target of $260 .
https://www.cnbc.com/2025/11/23/top-wall-street-analysts-favor-these-3-stocks-for-solid-upside.html,"TipRanks' AI Analyst rates DoorDash ""neutral"" with a price target of $211."
https://www.cnbc.com/2025/11/23/top-wall-street-analysts-favor-these-3-stocks-for-solid-upside.html,"DASH shares took a hit when the company announced mixed third-quarter results and said it expects to spend ""several hundred million dollars"" on new initiatives and development in 2026."
https://www.cnbc.com/2025/11/23/top-wall-street-analysts-favor-these-3-stocks-for-solid-upside.html,Devitt believes that the pullback in DASH shares presents an attractive risk/reward opportunity with the stock now trading at about 17.7x his 2027 adjusted EBITDA estimate.
https://www.cnbc.com/2025/11/23/top-wall-street-analysts-favor-these-3-stocks-for-solid-upside.html,The Wedbush analyst noted that the post earnings selloff was mainly due to concerns about the level of capital spending and pressured profit margins.
https://www.cnbc.com/2025/11/23/top-wall-street-analysts-favor-these-3-stocks-for-solid-upside.html,Devitt admits that the higher level of spending will hurt near-term margins but argues such investments in growth initiatives are warranted given that they'll expand DASH's addressable market and bolster its product offerings.
https://www.cnbc.com/2025/11/23/top-wall-street-analysts-favor-these-3-stocks-for-solid-upside.html,"Specifically Devitt highlighted management's plans to direct incremental investments toward three key areas: ""(1) creating a cohesive global tech platform (2) building new verticals and products and (3) scaling geographic expansion."" Overall Devitt is bullish on DoorDash believing it has held a dominant position in the U.S. food delivery sector."
https://www.cnbc.com/2025/11/23/top-wall-street-analysts-favor-these-3-stocks-for-solid-upside.html,Moreover he noted the company's solid execution across strategic initiatives as management pushes for long-term sustainable growth.
https://www.cnbc.com/2025/11/23/top-wall-street-analysts-favor-these-3-stocks-for-solid-upside.html,See DoorDash Hedge Fund Activity on TipRanks.
https://www.cnbc.com/2025/11/27/european-markets-on-nov-27-2025-stoxx-600-ftse-dax-cac.html,The pan-European Stoxx 600 reversed course to finish 0.12% higher by the end of Thursday's session with major bourses and sectors mostly higher following broadly negative moves earlier in the day.
https://www.cnbc.com/2025/11/27/european-markets-on-nov-27-2025-stoxx-600-ftse-dax-cac.html,It comes after a positive trading session yesterday with the Stoxx 600 closing almost 1.1% higher and most sectors and major regional bourses in the green.
https://www.cnbc.com/2025/11/27/european-markets-on-nov-27-2025-stoxx-600-ftse-dax-cac.html,Global markets have been boosted this week by rising expectations that the U.S.
https://www.cnbc.com/2025/11/27/european-markets-on-nov-27-2025-stoxx-600-ftse-dax-cac.html,Federal Reserve will cut interest rates when it next meets on Dec. 9-10.
https://www.cnbc.com/2025/11/27/european-markets-on-nov-27-2025-stoxx-600-ftse-dax-cac.html,Traders are pricing in a 84.9% chance of a quarter percentage point cut from the Fed in December according to the CME FedWatch tool .
https://www.cnbc.com/2025/11/27/european-markets-on-nov-27-2025-stoxx-600-ftse-dax-cac.html,On individual names potential buyers are swirling German athletic brand Puma according to reports by Bloomberg .
https://www.cnbc.com/2025/11/27/european-markets-on-nov-27-2025-stoxx-600-ftse-dax-cac.html,Chinese sport multinational Anta Sports is among those working on a bid the outlet reported citing unnamed sources.
https://www.cnbc.com/2025/11/27/european-markets-on-nov-27-2025-stoxx-600-ftse-dax-cac.html,Puma declined to comment when asked by CNBC.
https://www.cnbc.com/2025/11/27/european-markets-on-nov-27-2025-stoxx-600-ftse-dax-cac.html,Puma shares ended the day up 18.9% leading the European index.
https://www.cnbc.com/2025/11/27/european-markets-on-nov-27-2025-stoxx-600-ftse-dax-cac.html,Other big movers include defense stocks Rheinmetall which advanced 1.24% and Saab which finished 2.5% higher each paring earlier gains.
https://www.cnbc.com/2025/11/27/european-markets-on-nov-27-2025-stoxx-600-ftse-dax-cac.html,It comes as U.S. officials continue to attempt to broker a peace deal between Russia and Ukraine.
https://www.cnbc.com/2025/11/27/european-markets-on-nov-27-2025-stoxx-600-ftse-dax-cac.html,Novo Nordisk shares dipped 1.5% reversing gains made in the previous session.
https://www.cnbc.com/2025/11/27/european-markets-on-nov-27-2025-stoxx-600-ftse-dax-cac.html,The new price for patients on Medicare will be $274 a 71% discount from its current list price.
https://www.cnbc.com/2025/11/27/european-markets-on-nov-27-2025-stoxx-600-ftse-dax-cac.html,Yields on U.K. government bonds moved higher as investors assess the impact of the country's highly anticipated Autumn Budget .
https://www.cnbc.com/2025/11/27/european-markets-on-nov-27-2025-stoxx-600-ftse-dax-cac.html,The yield on the benchmark 10-year gilt rose by more than 2 basis points climbing down from highs seen earlier in the trading day.
https://www.cnbc.com/2025/11/27/european-markets-on-nov-27-2025-stoxx-600-ftse-dax-cac.html,U.S. stocks rose on Wednesday allowing the major averages to log their fourth straight day of gains ahead of the Thanksgiving holiday.
https://www.cnbc.com/2025/11/27/european-markets-on-nov-27-2025-stoxx-600-ftse-dax-cac.html,Meanwhile Asia-Pacific markets tracked Wall Street gains and India's benchmark indexes hit a record high overnight.
https://www.cnbc.com/2025/11/27/european-markets-on-nov-27-2025-stoxx-600-ftse-dax-cac.html,U.S. markets are closed Thursday for Thanksgiving.
https://www.cnbc.com/2025/11/27/european-markets-on-nov-27-2025-stoxx-600-ftse-dax-cac.html,Trading will resume with a shortened session Friday when the market will close at 1 p.m.
https://www.cnbc.com/2025/11/25/5-things-to-know-before-the-stock-market-opens.html,Subscribe here to receive future editions in your inbox.
https://www.cnbc.com/2025/11/25/5-things-to-know-before-the-stock-market-opens.html,Here are five key things investors need to know to start the trading day: A number of retail giants reported earnings this morning offering the latest reading on the consumer in the run-up to Black Friday.
https://www.cnbc.com/2025/11/25/5-things-to-know-before-the-stock-market-opens.html,The releases follow last week's slew of retail earnings.
https://www.cnbc.com/2025/11/25/5-things-to-know-before-the-stock-market-opens.html,The artificial intelligence trade roared back to life yesterday — but with some unusual leaders.
https://www.cnbc.com/2025/11/25/5-things-to-know-before-the-stock-market-opens.html,The technology-heavy Nasdaq Composite rallied 2.7% for its best day since May.
https://www.cnbc.com/2025/11/25/5-things-to-know-before-the-stock-market-opens.html,Broadcom led the S&P 500 higher Monday surging more than 11% as Wall Street applauded its partnership with Alphabet on application-specific chips.
https://www.cnbc.com/2025/11/25/5-things-to-know-before-the-stock-market-opens.html,The Google parent was another top performer rising by more than 6% as investors bet the company in AI models.
https://www.cnbc.com/2025/11/25/5-things-to-know-before-the-stock-market-opens.html,However Nvidia shares slipped more than 4% in overnight trading after The Information reported that Meta is c onsidering using chips made by Google in its data centers in 2027.
https://www.cnbc.com/2025/11/25/5-things-to-know-before-the-stock-market-opens.html,Alphabet shares meanwhile jumped around 4% this morning.
https://www.cnbc.com/2025/11/25/5-things-to-know-before-the-stock-market-opens.html,Follow live markets updates here.
https://www.cnbc.com/2025/11/25/5-things-to-know-before-the-stock-market-opens.html,District Judge Cameron Currie threw out criminal cases against former FBI Director James Comey and New York Attorney General Letitia James yesterday.
https://www.cnbc.com/2025/11/25/5-things-to-know-before-the-stock-market-opens.html,Currie said Lindsey Halligan the interim U.S. attorney who led the indictments was invalidly appointed.
https://www.cnbc.com/2025/11/25/5-things-to-know-before-the-stock-market-opens.html,"Both cases were dismissed ""without prejudice "" meaning the charges could be filed again."
https://www.cnbc.com/2025/11/25/5-things-to-know-before-the-stock-market-opens.html,The rulings mark a loss for President Donald Trump who pressured Attorney General Pam Bondi to take action against his political foes.
https://www.cnbc.com/2025/11/25/5-things-to-know-before-the-stock-market-opens.html,"White House spokeswoman Abigail Jackson told CNBC that ""this will not be the final word on this matter."" CNBC's Morning Squawk recaps the biggest stories investors should know before the stock market opens every weekday morning."
https://www.cnbc.com/2025/11/25/5-things-to-know-before-the-stock-market-opens.html,Subscribe here to get access today .
https://www.cnbc.com/2025/11/25/5-things-to-know-before-the-stock-market-opens.html,Amazon became the latest tech company to throw eye-popping sums behind AI buildout initiatives.
https://www.cnbc.com/2025/11/25/5-things-to-know-before-the-stock-market-opens.html,The e-commerce giant said it will invest as much as $50 billion to expand its capacity to provide AI and high-performance computing capabilities for its cloud unit's U.S. government customers.
https://www.cnbc.com/2025/11/25/5-things-to-know-before-the-stock-market-opens.html,The project is expected to begin in 2026 and will add close to 1.3 gigawatts of capacity.
https://www.cnbc.com/2025/11/25/5-things-to-know-before-the-stock-market-opens.html,With the investment government clients will also have access to Anthropic's Claude models and Nvidia chips in addition to Amazon hardware and software.
https://www.cnbc.com/2025/11/25/5-things-to-know-before-the-stock-market-opens.html,Also yesterday Amazon said it will let businesses test its internet-from-space service which was recently renamed Leo from Project Kuiper.
https://www.cnbc.com/2025/11/25/5-things-to-know-before-the-stock-market-opens.html,As CNBC's Annie Palmer notes the product competes with SpaceX's Starlink.
https://www.cnbc.com/2025/11/25/5-things-to-know-before-the-stock-market-opens.html,The average franchise has seen its value rise 15% to $2.2 billion driven by pricier media rights deals.
https://www.cnbc.com/2025/11/25/5-things-to-know-before-the-stock-market-opens.html,The Toronto Maple Leafs remained at the front of the pack with a valuation of $4.3 billion up 8% from last year.
https://www.cnbc.com/2025/11/25/5-things-to-know-before-the-stock-market-opens.html,The New York Rangers is the runner-up rising by 9% year over year to $3.8 billion.
https://www.cnbc.com/2025/11/25/5-things-to-know-before-the-stock-market-opens.html,Microsoft faced vocal community opposition to a data center plan in Caledonia Wisconsin leading the tech giant to scrap its plans and look elsewhere.
https://www.cnbc.com/2025/11/25/5-things-to-know-before-the-stock-market-opens.html,CNBC's Jordan Novet broke down the local reaction. — CNBC's Gabrielle Fonrouge Sean Conlon Pia Singh Dan Mangan Kevin Breuninger Annie Palmer Yun Li Michael Ozian and Jordan Novet contributed to this report.
https://www.cnbc.com/2025/11/25/5-things-to-know-before-the-stock-market-opens.html,Terri Cullen edited this edition.
https://www.cnbc.com/2025/11/25/5-things-to-know-before-the-stock-market-opens.html,More In 5 Things to Know CME disruption Black Friday the K-beauty boom and more in Morning Squawk Alex Harring Alphabet hits record highs Burry's AI concerns Ukraine peace plan and more in Morning Squawk Alex Harring Holiday air travel Novo Nordisk trial results 'Wicked: For Good' debut and more in Morning Squawk Alex Harring Read More
https://www.cnbc.com/2025/11/25/-best-buy-bby-q3-2026-earnings-.html,Best Buy hiked its full-year forecast Tuesday as it topped Wall Street's quarterly sales expectations and customers turned to the retailer to upgrade laptops and splurge on new gaming consoles and smartphones.
https://www.cnbc.com/2025/11/25/-best-buy-bby-q3-2026-earnings-.html,It expects adjusted earnings per share of $6.25 to $6.35 compared with its prior range of $6.15 to $6.30.
https://www.cnbc.com/2025/11/25/-best-buy-bby-q3-2026-earnings-.html,Best Buy said it expects full-year comparable sales a metric that tracks sales online and at stores open at least 14 months to range between a 0.5% rise to a 1.2% increase compared with its previous expectations for a 1% decline and a 1% climb.
https://www.cnbc.com/2025/11/25/-best-buy-bby-q3-2026-earnings-.html,"On the company's earnings call CEO Corie Barry said Best Buy saw ""better-than-expected"" sales in the quarter because of strong results across computing gaming and mobile phones as well as growth in wearables and headphones."
https://www.cnbc.com/2025/11/25/-best-buy-bby-q3-2026-earnings-.html,She said sales rose across both its website and stores.
https://www.cnbc.com/2025/11/25/-best-buy-bby-q3-2026-earnings-.html,"She said customer shopping behavior in the most recent three-month period was about the same as what Best Buy has seen for the past several quarters. ""Customers remain resilient but deal focused and attracted to more predictable sales moments "" such as back-to-school sales and Best Buy's October sale that coincided with Amazon's Prime Day event she said."
https://www.cnbc.com/2025/11/25/-best-buy-bby-q3-2026-earnings-.html,"And she said ""while customers continued to be thoughtful about big ticket purchases in the current environment they are willing to spend on high priced point products when they need to or when there is technology innovation."" Here's how the retailer did for the three-month period that ended Nov. 1 compared with what Wall Street was expecting according to a survey of analysts by LSEG: Shares were up about 5% Tuesday."
https://www.cnbc.com/2025/11/25/-best-buy-bby-q3-2026-earnings-.html,Best Buy's stock has dropped roughly 7% this year.
https://www.cnbc.com/2025/11/25/-best-buy-bby-q3-2026-earnings-.html,That compares with the 15% gains of the S&P 500 during the same period.
https://www.cnbc.com/2025/11/25/-best-buy-bby-q3-2026-earnings-.html,Best Buy has been waiting for some of the key catalysts that tend to drive its business such as higher housing turnover that leads to appliance purchases the tech innovations that spark demand for devices and expert advice and the increased willingness by inflation-weary consumers to splurge on discretionary items.
https://www.cnbc.com/2025/11/25/-best-buy-bby-q3-2026-earnings-.html,Some of that tech innovation appears to be gaining momentum with sales of the Nintendo Switch 2 new iPhones and AI-enabled laptops.
https://www.cnbc.com/2025/11/25/-best-buy-bby-q3-2026-earnings-.html,The company called out those merchandise categories as strengths in the most recent three-month period.
https://www.cnbc.com/2025/11/25/-best-buy-bby-q3-2026-earnings-.html,Best Buy's net income for the fiscal third quarter fell to $140 million or 66 cents per share from net income of $273 million or $1.26 per share in the year-ago period.
https://www.cnbc.com/2025/11/25/-best-buy-bby-q3-2026-earnings-.html,Adjusting for one-time items including stock-based compensation and restructuring charges Best Buy reported earnings of $1.40.
https://www.cnbc.com/2025/11/25/-best-buy-bby-q3-2026-earnings-.html,Revenue rose from $9.45 billion in the year-ago quarter.
https://www.cnbc.com/2025/11/25/-best-buy-bby-q3-2026-earnings-.html,Best Buy's comparable sales increased 2.7% year over year.
https://www.cnbc.com/2025/11/25/-best-buy-bby-q3-2026-earnings-.html,That was the company's highest comparable sales growth in four years Barry said.
https://www.cnbc.com/2025/11/25/-best-buy-bby-q3-2026-earnings-.html,In the U.S. the metric jumped 2.4% as shoppers bought computers gaming systems and mobile phones but purchased fewer appliances and home theaters.
https://www.cnbc.com/2025/11/25/-best-buy-bby-q3-2026-earnings-.html,Best Buy's annual revenue has dropped for the past three years.
https://www.cnbc.com/2025/11/25/-best-buy-bby-q3-2026-earnings-.html,With the updated guidance the company expects annual revenue to be slightly higher than last year's total of $41.53 billion.
https://www.cnbc.com/2025/11/25/-best-buy-bby-q3-2026-earnings-.html,"Still like other retailers Best Buy said it's continuing to see shoppers spend selectively and seek out value and anticipates that will carry into the holiday season Barry said on a call with reporters. ""We absolutely are seeing people make trade offs "" she said."
https://www.cnbc.com/2025/11/25/-best-buy-bby-q3-2026-earnings-.html,For instance she said some customers are buying TVs in the middle or lower tier of its price range rather than premium TVs.
https://www.cnbc.com/2025/11/25/-best-buy-bby-q3-2026-earnings-.html,However she said Best Buy's reputation as a specialty retailer with many different brands and price points is helping it attract more low-income and younger customers.
https://www.cnbc.com/2025/11/25/-best-buy-bby-q3-2026-earnings-.html,"As the holiday season heats up Barry said the company is ready for key sales days like Black Friday and Cyber Monday and will have ""deals across the spectrum for whenever people want to shop."" Even so the retailer gave a cautious outlook for the holiday quarter saying it expects sales trends to decelerate from the previous quarter."
https://www.cnbc.com/2025/11/25/-best-buy-bby-q3-2026-earnings-.html,Bilunas said the company expects comparable sales during the period to range from a 1% decline to a 1% increase.
https://www.cnbc.com/2025/11/25/-best-buy-bby-q3-2026-earnings-.html,"On the company's earnings call he said Best Buy is seeing ""positive growth"" in the fourth quarter and a roughly similar trend to the third quarter but faces tougher year over year comparisons and may see waning trends in some categories like gaming and wearables."
https://www.cnbc.com/2025/11/25/-best-buy-bby-q3-2026-earnings-.html,"In gaming Nintendo Switch 2 sales haven't been as strong as they were closer to the June launch. ""Obviously the holiday is never easy to predict "" he said."" What we do believe is that we have a range of scenarios and the range we've provided gives us a great place to plan and plan our business operationally."" Higher tariffs will be a complicating factor for the rest of the year both in how they affect the company's costs and consumer spending."
https://www.cnbc.com/2025/11/25/-best-buy-bby-q3-2026-earnings-.html,On the company's earnings call Bilunas said higher tariffs so far haven't had a meaningful impact on Best Buy's prices or its sales.
https://www.cnbc.com/2025/11/25/-best-buy-bby-q3-2026-earnings-.html,He said growth is coming from more unit sales.
https://www.cnbc.com/2025/11/25/-best-buy-bby-q3-2026-earnings-.html,Compared to other industries he said consumer electronics are a very promotional category and that's muted the impact on average selling prices he said.
https://www.cnbc.com/2025/11/25/-best-buy-bby-q3-2026-earnings-.html,At Best Buy's stores the company has tried to give customers more reasons to try products by adding more vendor demos Barry said on the company's earnings call.
https://www.cnbc.com/2025/11/25/-best-buy-bby-q3-2026-earnings-.html,For example she said more than 50 of its locations have immersive showcase areas for Meta's latest AI-enabled glasses and demand for in-person demos has outpaced available appointments.
https://www.cnbc.com/2025/11/25/-best-buy-bby-q3-2026-earnings-.html,It has launched most of its pilot showrooms with Ikea which it is testing in 10 stores across Texas and Florida.
https://www.cnbc.com/2025/11/25/-best-buy-bby-q3-2026-earnings-.html,And other vendors including Breville and Sharkninja are also showing off items for home baristas and chefs or customers looking for health and beauty devices in its stores she said.
https://www.cnbc.com/2025/11/25/-best-buy-bby-q3-2026-earnings-.html,"Barry said ""very early reads are positive and we are excited to monitor customer response during the holidays."" To help drive growth Best Buy also launched a third-party marketplace in mid-August to expand the brands and the items that it sells."
https://www.cnbc.com/2025/11/25/-best-buy-bby-q3-2026-earnings-.html,About three months into the launch the company has more than 1 000 sellers and 11 times more individual items available for online customers than it did before Barry said on the earnings call.
https://www.cnbc.com/2025/11/25/-best-buy-bby-q3-2026-earnings-.html,So far she said the company is seeing higher sales in categories like accessories and small appliances.
https://www.cnbc.com/2025/11/25/-best-buy-bby-q3-2026-earnings-.html,She said customer return rates for marketplace items have run lower than first-party purchases and more than 80% of marketplace product returns by customers have been at stores.
https://www.cnbc.com/2025/11/25/-best-buy-bby-q3-2026-earnings-.html,As the marketplace grows she said it's driving higher profits and creating new opportunities for Best Buy to sell online ads.
https://www.cnbc.com/2025/11/25/-best-buy-bby-q3-2026-earnings-.html,Despite the positive signs some of Best Buy's categories including appliances continue to lag.
https://www.cnbc.com/2025/11/25/-best-buy-bby-q3-2026-earnings-.html,"Chief Financial Officer Matt Bilunas said the appliance category is ""probably the most difficult one that we have in the market today."" He said historically the company has sold new premium appliances and sets of appliances."
https://www.cnbc.com/2025/11/25/-best-buy-bby-q3-2026-earnings-.html,With the slower housing market he said the company is seeing more shoppers replace a product that's broken rather than buy a washer and dryer pair and promotions haven't been as effective.
https://www.cnbc.com/2025/11/25/-best-buy-bby-q3-2026-earnings-.html,"To speed up sales Best Buy plans to increase its labor in the department speed up deliveries to better compete with rivals and even make some items available same day he said. ""And hopefully as housing and different things change then the market starts to swing back to something that might be a little bit more normal "" he said."
https://www.cnbc.com/2025/11/25/alibaba-shares-rise-as-ai-drives-cloud-sales-jump-earnings.html,Alibaba could ramp up spending on artificial intelligence beyond its projected levels if demand for the technology continues to remain strong CEO Eddie Wu said Tuesday after the Chinese tech giant reported accelerated sales at its key cloud division.
https://www.cnbc.com/2025/11/25/alibaba-shares-rise-as-ai-drives-cloud-sales-jump-earnings.html,Alibaba's New York-listed shares were around 4.3% higher in premarket trade as investors looked past a plunge in profitability at the group.
https://www.cnbc.com/2025/11/25/alibaba-shares-rise-as-ai-drives-cloud-sales-jump-earnings.html,Here's how the company did in its fiscal second quarter ended Sept. 30 versus LSEG estimates: Investors are focused on Alibaba's cloud computing division which books its revenue related to artificial intelligence.
https://www.cnbc.com/2025/11/25/alibaba-shares-rise-as-ai-drives-cloud-sales-jump-earnings.html,Over the past few quarters Alibaba's cloud revenue growth has accelerated.
https://www.cnbc.com/2025/11/25/alibaba-shares-rise-as-ai-drives-cloud-sales-jump-earnings.html,Alibaba reported a 34% year-on-year rise in cloud computing revenue to 39.8 billion yuan versus expectations of 37.9 billion yuan.
https://www.cnbc.com/2025/11/25/alibaba-shares-rise-as-ai-drives-cloud-sales-jump-earnings.html,That growth rate was faster than the 26% notched in the June quarter.
https://www.cnbc.com/2025/11/25/alibaba-shares-rise-as-ai-drives-cloud-sales-jump-earnings.html,"The Chinese tech giant said its investments in AI were helping its cloud unit. ""Robust AI demand further accelerated our Cloud Intelligence Group business with revenue up 34% and AI-related product revenue achieving triple-digit year-over-year growth for the ninth consecutive quarter "" CEO Eddie Wu said in an earnings statement on Tuesday."
https://www.cnbc.com/2025/11/25/alibaba-shares-rise-as-ai-drives-cloud-sales-jump-earnings.html,"Wu said demand for Alibaba's AI products is ""accelerating."" ""Certainly we see that customer demand for AI is and remains very strong."
https://www.cnbc.com/2025/11/25/alibaba-shares-rise-as-ai-drives-cloud-sales-jump-earnings.html,"In fact we are not even able to keep pace with the growth in customer demand … in terms of the pace at which we can deploy new servers "" Wu said."
https://www.cnbc.com/2025/11/25/alibaba-shares-rise-as-ai-drives-cloud-sales-jump-earnings.html,In September the company said it plans to increase spending on AI models and infrastructure development on top of the 380 billion yuan ($53 billion) over three years it announced in February .
https://www.cnbc.com/2025/11/25/alibaba-shares-rise-as-ai-drives-cloud-sales-jump-earnings.html,Alibaba said on Tuesday it has spent around 120 billion yuan in capital expenditure toward AI and cloud infrastructure over the past four quarters.
https://www.cnbc.com/2025/11/25/alibaba-shares-rise-as-ai-drives-cloud-sales-jump-earnings.html,"Addressing the capex figure Wu said that the initial 380 billion yuan target ""might be on the small side."" He added that Alibaba ""wouldn't rule out further scaling up that capex investment "" if demand continues to remain strong."
https://www.cnbc.com/2025/11/25/alibaba-shares-rise-as-ai-drives-cloud-sales-jump-earnings.html,Alibaba has emerged as one of China's leading AI players.
https://www.cnbc.com/2025/11/25/alibaba-shares-rise-as-ai-drives-cloud-sales-jump-earnings.html,On Monday Alibaba said its Qwen app the Chinese giant's rival to OpenAI's ChatGPT surpassed 10 million downloads within the first week of its public launch.
https://www.cnbc.com/2025/11/25/alibaba-shares-rise-as-ai-drives-cloud-sales-jump-earnings.html,The app is powered by Alibaba's Qwen artificial intelligence models.
https://www.cnbc.com/2025/11/25/alibaba-shares-rise-as-ai-drives-cloud-sales-jump-earnings.html,Earnings before interest taxes and amortization (EBITA) a measure of profitability increased by 35% to 3.6 billion yuan for its cloud division.
https://www.cnbc.com/2025/11/25/alibaba-shares-rise-as-ai-drives-cloud-sales-jump-earnings.html,Wu laid out his view of the market suggesting AI models were not hitting a wall in terms of their capabilities.
https://www.cnbc.com/2025/11/25/alibaba-shares-rise-as-ai-drives-cloud-sales-jump-earnings.html,"He said that over the next three years there will be ""a highly definitive trend of demand for AI."" The Alibaba CEO also said that it is likely that supply chains will remain tight when it comes to companies involved in data centers and semiconductors."
https://www.cnbc.com/2025/11/25/alibaba-shares-rise-as-ai-drives-cloud-sales-jump-earnings.html,"This spans across memory chips and semiconductor manufacturers. ""I think in the next three years to come AI resources will continue to be undersupplied with demand outstripping supply "" Wu said."
https://www.cnbc.com/2025/11/25/alibaba-shares-rise-as-ai-drives-cloud-sales-jump-earnings.html,"Meanwhile Wu said that graphics processing units the type designed by Nvidia to run AI workloads and that are being used by U.S. tech gaints are ""running at full capacity."" He added that there are GPUs that are three-to-five years old also running at full capacity."
https://www.cnbc.com/2025/11/25/alibaba-shares-rise-as-ai-drives-cloud-sales-jump-earnings.html,Wu appeared to be addressing the current debate over how long it takes for a GPU to depreciate .
https://www.cnbc.com/2025/11/25/alibaba-shares-rise-as-ai-drives-cloud-sales-jump-earnings.html,"Taking these factors into account Wu said ""we don't really see much of an issue in terms of a so-called AI bubble"" over the next three years."
https://www.cnbc.com/2025/11/25/alibaba-shares-rise-as-ai-drives-cloud-sales-jump-earnings.html,Meanwhile the company has been investing heavily in the cut-throat instant commerce market.
https://www.cnbc.com/2025/11/25/alibaba-shares-rise-as-ai-drives-cloud-sales-jump-earnings.html,This a product offering from Alibaba and some of its Chinese e-commerce rivals that promises super-fast delivery on certain items.
https://www.cnbc.com/2025/11/25/alibaba-shares-rise-as-ai-drives-cloud-sales-jump-earnings.html,Investment in this new segment has weighed on the profitability of Alibaba's overall business even as cloud computing remains strong.
https://www.cnbc.com/2025/11/25/alibaba-shares-rise-as-ai-drives-cloud-sales-jump-earnings.html,Overall adjusted EBITA a profitability measure closely-watched by analysts fell 78% year-on-year to 9.1 billion yuan with Alibaba attributing this partly to its investments in quick commerce.
https://www.cnbc.com/2025/11/25/alibaba-shares-rise-as-ai-drives-cloud-sales-jump-earnings.html,But investors appear to be looking past this because of the growth acceleration at the cloud computing business and Alibaba's core China e-commerce division which houses revenue from its online shopping platforms Taobao and Tmall as well as the quick commerce initiative.
https://www.cnbc.com/2025/11/25/alibaba-shares-rise-as-ai-drives-cloud-sales-jump-earnings.html,China e-commerce revenue rose 16% year-on-year to 132.6 billion yuan with growth coming in faster than the previous quarter.
https://www.cnbc.com/2025/11/25/alibaba-shares-rise-as-ai-drives-cloud-sales-jump-earnings.html,"Revenue from quick commerce surged 60% year-on-year in the quarter versus 12% in the quarter before. ""In our consumption business quick commerce continued to scale with significant improvement in unit economics and drove rapid growth in monthly active consumers on the Taobao app "" Wu said."
https://www.cnbc.com/2025/11/25/alibaba-shares-rise-as-ai-drives-cloud-sales-jump-earnings.html,"Jiang Fan who runs Alibaba's e-commerce business group called quick commerce a ""strategic pillar"" and said Alibaba aims to have 1 trillion yuan of gross merchandise value or the value of transactions across the platform within 3 years."
https://www.cnbc.com/2025/11/24/cnbc-daily-open-a-turnaround-in-sentiment-for-us-markets-may-be-in-the-cards.html,But the leaves that remained after hot tea scalded investors seemed to augur good tidings.
https://www.cnbc.com/2025/11/24/cnbc-daily-open-a-turnaround-in-sentiment-for-us-markets-may-be-in-the-cards.html,Even though Nvidia's third-quarter results easily breezed past Wall Street's estimates they couldn't quell worries about lofty valuations and an unsustainable bubble inflating in the artificial intelligence sector.
https://www.cnbc.com/2025/11/24/cnbc-daily-open-a-turnaround-in-sentiment-for-us-markets-may-be-in-the-cards.html,"The ""Magnificent Seven"" cohort — save Alphabet — had a losing week ."
https://www.cnbc.com/2025/11/24/cnbc-daily-open-a-turnaround-in-sentiment-for-us-markets-may-be-in-the-cards.html,Bureau of Labor Statistics added to the pressure.
https://www.cnbc.com/2025/11/24/cnbc-daily-open-a-turnaround-in-sentiment-for-us-markets-may-be-in-the-cards.html,September payrolls rose far more than economists expected prompting investors to pare back their bets of a December interest rate cut.
https://www.cnbc.com/2025/11/24/cnbc-daily-open-a-turnaround-in-sentiment-for-us-markets-may-be-in-the-cards.html,The timing didn't help matters as the report had been delayed and hit just as markets were already on edge.
https://www.cnbc.com/2025/11/24/cnbc-daily-open-a-turnaround-in-sentiment-for-us-markets-may-be-in-the-cards.html,By Friday's close the S&P 500 and Dow Jones Industrial Average lost roughly 2% for the week while the Nasdaq Composite tumbled 2.7%.
https://www.cnbc.com/2025/11/24/cnbc-daily-open-a-turnaround-in-sentiment-for-us-markets-may-be-in-the-cards.html,Still a flicker of hope appeared on the horizon.
https://www.cnbc.com/2025/11/24/cnbc-daily-open-a-turnaround-in-sentiment-for-us-markets-may-be-in-the-cards.html,"On Friday New York Federal Reserve President John Williams said that he sees ""room"" for the central bank to lower interest rates describing current policy as ""modestly restrictive."" His comments caused traders to increase their bets on a December cut to around 70% up from 44.4% a week ago according to the CME FedWatch tool ."
https://www.cnbc.com/2025/11/24/cnbc-daily-open-a-turnaround-in-sentiment-for-us-markets-may-be-in-the-cards.html,And despite a broad sell-off in AI stocks last week Alphabet shares bucked the trend.
https://www.cnbc.com/2025/11/24/cnbc-daily-open-a-turnaround-in-sentiment-for-us-markets-may-be-in-the-cards.html,Investors seemed impressed by its new AI model Gemini 3 and hopeful that its development of custom chips could rival Nvidia's in the long run.
https://www.cnbc.com/2025/11/24/cnbc-daily-open-a-turnaround-in-sentiment-for-us-markets-may-be-in-the-cards.html,Meanwhile Eli Lilly's ascent into the $1 trillion valuation club served as a reminder that market leadership doesn't belong to tech alone.
https://www.cnbc.com/2025/11/24/cnbc-daily-open-a-turnaround-in-sentiment-for-us-markets-may-be-in-the-cards.html,In a market defined by narrow concentration any sign of broadening strength is a welcome change.
https://www.cnbc.com/2025/11/24/cnbc-daily-open-a-turnaround-in-sentiment-for-us-markets-may-be-in-the-cards.html,Diversification even within AI's sprawling ecosystem might be exactly what this market needs now.
https://www.cnbc.com/2025/11/24/cnbc-daily-open-a-turnaround-in-sentiment-for-us-markets-may-be-in-the-cards.html,U.S. stocks rebounded on Friday.
https://www.cnbc.com/2025/11/24/cnbc-daily-open-a-turnaround-in-sentiment-for-us-markets-may-be-in-the-cards.html,Despite that major indexes ended the week lower .
https://www.cnbc.com/2025/11/24/cnbc-daily-open-a-turnaround-in-sentiment-for-us-markets-may-be-in-the-cards.html,U.S. futures rose Sunday evening stateside .
https://www.cnbc.com/2025/11/24/cnbc-daily-open-a-turnaround-in-sentiment-for-us-markets-may-be-in-the-cards.html,On Monday Asia-Pacific markets mostly advanced with Hong Kong's Hang Seng index jumping as much as 2%.
https://www.cnbc.com/2025/11/24/cnbc-daily-open-a-turnaround-in-sentiment-for-us-markets-may-be-in-the-cards.html,Qube Holdings receives takeover proposal from Macquarie.
https://www.cnbc.com/2025/11/24/cnbc-daily-open-a-turnaround-in-sentiment-for-us-markets-may-be-in-the-cards.html,The asset management firm has put forth a non-binding proposal to acquire Qube Holdings an Australian logistics company at an enterprise value of 11.6 billion Australian dollars ($7.49 billion).
https://www.cnbc.com/2025/11/24/cnbc-daily-open-a-turnaround-in-sentiment-for-us-markets-may-be-in-the-cards.html,"Bessent doesn't see a U.S. recession in 2026. ""We have set the table for a very strong noninflationary growth economy "" the U.S."
https://www.cnbc.com/2025/11/24/cnbc-daily-open-a-turnaround-in-sentiment-for-us-markets-may-be-in-the-cards.html,"Treasury secretary said Sunday in an interview on ""Meet the Press."" However he acknowledged that some sectors have been struggling."
https://www.cnbc.com/2025/11/24/cnbc-daily-open-a-turnaround-in-sentiment-for-us-markets-may-be-in-the-cards.html,The country's consumer price index for October rose 1.2% year on year the highest since August 2024 and surpassing the 0.9% estimate in a Reuters poll of economists.
https://www.cnbc.com/2025/11/24/cnbc-daily-open-a-turnaround-in-sentiment-for-us-markets-may-be-in-the-cards.html,Core inflation also increased a higher-than-expected 1.2%. [PRO] Opportunities in China's tech sector.
https://www.cnbc.com/2025/11/24/cnbc-daily-open-a-turnaround-in-sentiment-for-us-markets-may-be-in-the-cards.html,Despite a trade truce between the U.S. and China ongoing tensions mean both will focus on homegrown technology analysts say.
https://www.cnbc.com/2025/11/24/cnbc-daily-open-a-turnaround-in-sentiment-for-us-markets-may-be-in-the-cards.html,Here are the Chinese tech firms that Wall Street banks are keeping an eye on.
https://www.cnbc.com/2025/11/24/cnbc-daily-open-a-turnaround-in-sentiment-for-us-markets-may-be-in-the-cards.html,Chinese consumer brands flood into Africa as old investment model fades Chinese business dealings in Africa once dominated by state-owned enterprises are now increasingly shifting toward consumer products from the private sector.
https://www.cnbc.com/2025/11/24/cnbc-daily-open-a-turnaround-in-sentiment-for-us-markets-may-be-in-the-cards.html,Chinese investments in Africa's resource-intensive sectors have declined by roughly 40% since their 2015 peak according to Rhodium Group China Cross-Border Monitor released on Nov. 18 this year.
https://www.cnbc.com/2025/11/24/cnbc-daily-open-a-turnaround-in-sentiment-for-us-markets-may-be-in-the-cards.html,Meanwhile China's exports to Africa have surged by 28% year on year over the first three quarters of 2025 the report said.
https://seekingalpha.com/article/4846970-cava-group-opportunity-in-crisis-to-take-market-share,Without a doubt the restaurant sector has been among the hardest hit in a very volatile Q3 earnings season.
https://seekingalpha.com/article/4846970-cava-group-opportunity-in-crisis-to-take-market-share,I have no business relationship with any company whose stock is mentioned in this article.
https://seekingalpha.com/article/4846970-cava-group-opportunity-in-crisis-to-take-market-share,No recommendation or advice is being given as to whether any investment is suitable for a particular investor.
https://seekingalpha.com/article/4846970-cava-group-opportunity-in-crisis-to-take-market-share,CAVA Group: Opportunity In A Crisis To Take Market Share Nov. 23 2025 9:27 PM ET CAVA Group Inc. (CAVA) Stock CAVA Gary Alexander 32.7K Follower s Follow 5 Share Save Play ( 9min ) Comments (10) Summary CAVA remains resilient despite sector headwinds with shares down 65% YTD but outperforming peers in same restaurant sales growth.
https://seekingalpha.com/article/4846970-cava-group-opportunity-in-crisis-to-take-market-share,CAVA is gaining market share benefiting from healthy eating trends a strong loyalty program and robust restaurant margins compared to competitors like CMG and Sweetgreen.
https://seekingalpha.com/article/4846970-cava-group-opportunity-in-crisis-to-take-market-share,Though comps have decelerated CAVA's SRS and store expansion remain positive; valuation is more attractive after the recent selloff.
https://seekingalpha.com/article/4846970-cava-group-opportunity-in-crisis-to-take-market-share,Maintain a Buy rating viewing the current dip as a buying opportunity given CAVA's long-term growth potential and white space for expansion. hapabapa/iStock Editorial via Getty Images Without a doubt the restaurant sector has been among the hardest hit in a very volatile Q3 earnings season.
https://seekingalpha.com/article/4846970-cava-group-opportunity-in-crisis-to-take-market-share,All the major bellwethers of the group are starting to feel the pinch of a weaker consumer environment with fewer choosing to go out This article was written by Gary Alexander 32.7K Follower s Follow With combined experience of covering technology companies on Wall Street and working in Silicon Valley and serving as an outside adviser to several seed-round startups Gary Alexander has exposure to many of the themes shaping the industry today.
https://seekingalpha.com/article/4846970-cava-group-opportunity-in-crisis-to-take-market-share,Like Share Comments (10) Recommended For You CAVA Group: Opportunity In A Crisis To Take Market Share Nov. 23 2025 9:27 PM ET CAVA Group Inc. (CAVA) Stock CAVA Gary Alexander 32.7K Follower s Follow 5 Share Save Play ( 9min ) Comments (10) Summary CAVA remains resilient despite sector headwinds with shares down 65% YTD but outperforming peers in same restaurant sales growth.
https://www.cnbc.com/2025/11/24/cnbc-daily-open-some-hope-after-last-weeks-us-market-rout.html,Europe's regional Stoxx 600 gave up 0.33% as technology and defense stocks sold off .
https://www.cnbc.com/2025/11/24/cnbc-daily-open-some-hope-after-last-weeks-us-market-rout.html,Eli Lilly hits $1 trillion in market capitalization.
https://www.cnbc.com/2025/11/24/cnbc-daily-open-some-hope-after-last-weeks-us-market-rout.html,That makes it the first health-care company in the world to join a club dominated by tech firms.
https://www.cnbc.com/2025/11/24/cnbc-daily-open-some-hope-after-last-weeks-us-market-rout.html,Eli Lilly stock has risen more than 36% this year.
https://www.cnbc.com/2025/11/24/cnbc-daily-open-some-hope-after-last-weeks-us-market-rout.html,A confusing Ukraine peace plan.
https://www.cnbc.com/2025/11/24/cnbc-daily-open-some-hope-after-last-weeks-us-market-rout.html,Secretary of State Marco Rubio held talks in Geneva with Kyiv and European officials on Sunday on a White House-led plan to end Russia's war in Ukraine.
https://www.cnbc.com/2025/11/24/cnbc-daily-open-some-hope-after-last-weeks-us-market-rout.html,But the plan has been mired in controversy . [PRO] Ideas from the Sohn London conference.
https://www.cnbc.com/2025/11/24/cnbc-daily-open-some-hope-after-last-weeks-us-market-rout.html,Hedge funds unveiled long and short positions on U.S. and global stocks at the annual investment gathering.
https://www.cnbc.com/2025/11/24/cnbc-daily-open-some-hope-after-last-weeks-us-market-rout.html,One short seller is betting against a firm buying data centers .
https://www.cnbc.com/2025/11/24/cnbc-daily-open-some-hope-after-last-weeks-us-market-rout.html,Japanese concerts in China are getting abruptly canceled as tensions simmer China's escalating dispute with Japan reinforces Beijing's growing economic influence — and penchant for abrupt actions that can create uncertainty for businesses.
https://www.cnbc.com/2025/11/24/cnbc-daily-open-some-hope-after-last-weeks-us-market-rout.html,Hours before Japanese jazz quintet The Blend was due to perform in Beijing on Thursday a plainclothesman walked into the DDC music club during a sound check.
https://www.cnbc.com/2025/11/24/cnbc-daily-open-some-hope-after-last-weeks-us-market-rout.html,"Then ""the owner of the live house came to me and said: 'The police has told me tonight is canceled '"" said Christian Petersen-Clausen a music agent."
https://www.cnbc.com/2025/11/24/cnbc-daily-open-some-hope-after-last-weeks-us-market-rout.html,Correction: This report has been updated to correct the spelling of Eli Lilly.
https://www.cnbc.com/2025/11/23/stock-market-today-live-updates.html,Stocks closed higher on Monday boosted by Alphabet as the market rebounded into the Thanksgiving holiday week after a slide that knocked the air out of this year's artificial intelligence bull run.
https://www.cnbc.com/2025/11/23/stock-market-today-live-updates.html,The S&P 500 increased 1.55% to close at 6 705.12 while the Nasdaq Composite jumped 2.69% to settle at 22 872.01.
https://www.cnbc.com/2025/11/23/stock-market-today-live-updates.html,It was the tech-heavy index's best day since May 12 when it rose 4.35%.
https://www.cnbc.com/2025/11/23/stock-market-today-live-updates.html,The Dow Jones Industrial Average traded up 202.86 points or 0.44% to end at 46 448.27.
https://www.cnbc.com/2025/11/23/stock-market-today-live-updates.html,Shares of Alphabet saw gains Monday as investors grew optimistic about the company's standing in the AI race.
https://www.cnbc.com/2025/11/23/stock-market-today-live-updates.html,Google last week announced its upgraded AI model Gemini 3 a move that comes nearly eight months after its unveiling of Gemini 2.5.
https://www.cnbc.com/2025/11/23/stock-market-today-live-updates.html,The stock was up 6.3%.
https://www.cnbc.com/2025/11/23/stock-market-today-live-updates.html,The enthusiasm surrounding Alphabet extended to other names in the AI trade.
https://www.cnbc.com/2025/11/23/stock-market-today-live-updates.html,Broadcom surged 11.1% while Micron Technology grew about 8%.
https://www.cnbc.com/2025/11/23/stock-market-today-live-updates.html,Palantir Technologies and AMD popped 4.8% and 5.5% respectively.
https://www.cnbc.com/2025/11/23/stock-market-today-live-updates.html,"Meta Nvidia and Amazon also advanced. ""It's great for Alphabet and investors in Alphabet but it always concerns me when we have one stock that is leading the market higher."
https://www.cnbc.com/2025/11/23/stock-market-today-live-updates.html,"We're not looking necessarily at a broad-based improvement "" said Melissa Brown managing director of investment decision research at SimCorp. ""That just doesn't seem to me to be a sustainable force behind driving the market higher over the next however many days."" Stocks built on a strong rebound that started on Friday when the head of the New York Federal Reserve left the door open to a December interest rate cut ."
https://www.cnbc.com/2025/11/23/stock-market-today-live-updates.html,Major averages have still stumbled sharply since the month began pressured by a reconsideration of sky-high valuations across AI-linked names that had powered much of 2025's market gains.
https://www.cnbc.com/2025/11/23/stock-market-today-live-updates.html,The S&P 500 slipped roughly 2% last week and its November decline now stands at around 2%.
https://www.cnbc.com/2025/11/23/stock-market-today-live-updates.html,The Nasdaq which shed nearly 3% in the prior week is down more than 3% for the month.
https://www.cnbc.com/2025/11/23/stock-market-today-live-updates.html,The 30-stock Dow fell about 2% last week and is off more than 2% month to date.
https://www.cnbc.com/2025/11/23/stock-market-today-live-updates.html,The final stretch of November may be no easier.
https://www.cnbc.com/2025/11/23/stock-market-today-live-updates.html,With trading volumes expected to thin out in the coming days and few meaningful catalysts ahead of the Fed's December policy meeting volatility could pick up.
https://www.cnbc.com/2025/11/23/stock-market-today-live-updates.html,"Brown noted that any upcoming economic data releases – including September U.S. retail sales and September producer price index data on Tuesday – that signal a ""stagflationary environment"" could be a driver. ""The market could continue to be okay but when sentiment is so negative bad news tends to get exaggerated "" she told CNBC. ""When you add on top of that the lower trading volume environment I think any bad news maybe the impact is going to be multiplied."" The stock market is closed on Thursday for Thanksgiving Day and it shuts down early at 1 p.m."
https://www.cnbc.com/2025/11/23/stock-market-today-live-updates.html,Correction: The reports for September retail sales and producer price index are due Tuesday.
https://www.cnbc.com/2025/11/23/stock-market-today-live-updates.html,A previous version misstated the month.
https://www.cnbc.com/2025/11/23/stock-market-today-live-updates.html,The three leading U.S. indexes rallied on Monday.
https://www.cnbc.com/2025/11/23/stock-market-today-live-updates.html,The S&P 500 soared 1.55% to finish at 6 705.12 while the Nasdaq Composite surged 2.69% to end the day at 22 872.01.
https://www.cnbc.com/2025/11/23/stock-market-today-live-updates.html,The Dow Jones Industrial Average climbed 202.86 points or 0.44% to 46 448.27.
https://www.cnbc.com/2025/11/23/stock-market-today-live-updates.html,San Francisco Federal Reserve President Mary Daly said she would support an interest rate cut at the central bank's December meeting.
https://www.cnbc.com/2025/11/23/stock-market-today-live-updates.html,"Citing risks to the labor market the central banker told the Wall Street Journal that ""I don't feel as confident we can get ahead of it"" and that the economy is ""very vulnerable"" to the risks of breaking out of the current no-hire no-fire paradigm."
https://www.cnbc.com/2025/11/23/stock-market-today-live-updates.html,Daly does not vote this year on the Federal Open Market Committee but does get to voice her opinion at meetings.
https://www.cnbc.com/2025/11/23/stock-market-today-live-updates.html,She will vote next in 2027.
https://www.cnbc.com/2025/11/23/stock-market-today-live-updates.html,Daly's comments follow remarks Friday from New York Fed President John Williams a permanent FOMC voter who said he sees more room to lower rates.
https://www.cnbc.com/2025/11/23/stock-market-today-live-updates.html,"Williams' comments led to a sharp repricing in the futures market with traders now placing better than an 85% probability on a December cut more than reversing doubts held just a week ago. 2026 will be another strong year because of artificial intelligence with the S&P 500 climbing to 8 000 by year's end according to Deutsche Bank Research. ""Rapid AI investment and adoption will continue to dominate market sentiment."
https://www.cnbc.com/2025/11/23/stock-market-today-live-updates.html,"Given the pace of technological advancement it is difficult to believe this won't translate into meaningful productivity gains ahead "" Jim Reid global head of macro and thematic research at Deutsche Bank Research wrote on Monday. ""However the ultimate winners and losers will depend on a complex interplay of evolving factors many of which may not become apparent until after 2026."" ""The 8 000 year-end S&P 500 target from our US equity strategist — our most optimistic analyst — is notable given his strong track record "" Reid added."
https://www.cnbc.com/2025/11/23/stock-market-today-live-updates.html,Evercore ISI is maintaining its conviction on the S&P 500's future growth after a strong third-quarter earnings season but expects volatility in the market to continue.
https://www.cnbc.com/2025/11/23/stock-market-today-live-updates.html,"Julian Emanuel Evercore chief equity derivatives and quantitative strategist said the firm's new S&P 500 forecast for 2026 is 7 750. ""Record concentration risk and elevated valuations though can accentuate short term turbulence common in structural bull markets "" he wrote in a Sunday note to clients. ""Bouts of volatility such as last week's episode are likely to persist and offer opportunities to add exposure to structural long term AI themes in O/P rated sectors Information Technology Communication Services and Consumer Discretionary."" Emanuel raised his year-end earnings per share expectations for the S&P 500 by $9 to to $273."
https://www.cnbc.com/2025/11/23/stock-market-today-live-updates.html,He also lifted his 2026 earnings per share expectations to $296 from $287 saying that fundamental strength in the index will likely be supported by stimulative fiscal policy and ongoing AI spending.
https://www.cnbc.com/2025/11/23/stock-market-today-live-updates.html,The Federal Reserve will get one last look at inflation albeit a dated one before it meets in December.
https://www.cnbc.com/2025/11/23/stock-market-today-live-updates.html,The Commerce Department on Monday said it will release September's personal consumption expenditures price index on Dec. 5 four days before the central bank next convenes for a policy meeting.
https://www.cnbc.com/2025/11/23/stock-market-today-live-updates.html,Though it views inflation though multiple data points the PCE price index is its main forecasting tool with special emphasis on the core measure that excludes food and energy.
https://www.cnbc.com/2025/11/23/stock-market-today-live-updates.html,Along with the inflation gauge the department's Bureau of Economic Analysis also will release readings on personal income and spending.
https://www.cnbc.com/2025/11/23/stock-market-today-live-updates.html,The Bureau of Labor Statistics will release its own consumer price index for October on Dec. 19.
https://www.cnbc.com/2025/11/23/stock-market-today-live-updates.html,Releases have been delayed due to the government shutdown.
https://www.cnbc.com/2025/11/23/stock-market-today-live-updates.html,Broadcom shares rallied 10.3% on Monday as investors poured back into several high-flying tech companies tied to the artificial intelligence trade.
https://www.cnbc.com/2025/11/23/stock-market-today-live-updates.html,Wall Street is also taking notice of the chipmaker as a derivate play of Alphabet's growing AI dominance.
https://www.cnbc.com/2025/11/23/stock-market-today-live-updates.html,Broadcom — one of the biggest suppliers of high-performance application-specific chips or ASICs for hyperscalers — has been on a tear this year rallying 60% year to date.
https://www.cnbc.com/2025/11/23/stock-market-today-live-updates.html,Monday's puts Broadcom shares on pace for their best day since April 9.
https://www.cnbc.com/2025/11/23/stock-market-today-live-updates.html,The stock is also the best performer in the Technology Select Sector SPDR fund (XLK) which tracks the S&P 500 tech sector.
https://www.cnbc.com/2025/11/23/stock-market-today-live-updates.html,The move in Broadcom comes as investors continue to push shares of Google-parent Alphabet higher.
https://www.cnbc.com/2025/11/23/stock-market-today-live-updates.html,The stock rose more than 5% as the artificial intelligence trade regained some of the recently lost ground.
https://www.cnbc.com/2025/11/23/stock-market-today-live-updates.html,The two are related through ASICs: Google is a major customer of Broadcom's ASIC business as Broadcom helps design and manufacture Google's tensor processing units (TPUs).
https://www.cnbc.com/2025/11/23/stock-market-today-live-updates.html,These are Google's in-house specialized AI chips used for the company's internal AI infrastructure.
https://www.cnbc.com/2025/11/23/stock-market-today-live-updates.html,Google TPUs are a considered a competitor to Nvidia's graphics processing units (GPUs) for AI workloads.
https://www.cnbc.com/2025/11/23/stock-market-today-live-updates.html,Investors are worried that Alphabet 's recent gains within artificial intelligence spells bad news for other stocks in the space.
https://www.cnbc.com/2025/11/23/stock-market-today-live-updates.html,Shares of the Google parent surged more than 5% on Monday adding to last week's gain of more than 8%.
https://www.cnbc.com/2025/11/23/stock-market-today-live-updates.html,"On the other hand Nvidia and the Nasdaq Composite are both coming off losing weeks. ""Some investors are petrified that Alphabet will win the AI war due to huge improvements in its Gemini AI model and ongoing benefits from its custom TPU chip "" Melius Research analyst Ben Reitzes wrote to clients in a Monday note. ""GOOGL winning would actually hurt several stocks we cover — so prepare for volatility."" CNBC Pro subscribers can click here for the full story."
https://www.cnbc.com/2025/11/23/stock-market-today-live-updates.html,On Monday 17 stocks in the S&P 500 reached new 52-week highs.
https://www.cnbc.com/2025/11/23/stock-market-today-live-updates.html,Tickers that hit this milestone included: The two stocks that traded at new 52-week lows were: — Christopher Hayes Lisa Kailai Han Grindr plunged more than 11% on Monday after a special committee said it was ending engagement on a take-private proposal.
https://www.cnbc.com/2025/11/23/stock-market-today-live-updates.html,The LGBTQ+-focused dating app said it had uncertainty around financing in the deal.
https://www.cnbc.com/2025/11/23/stock-market-today-live-updates.html,Shares surged in mid October after major shareholders first expressed interest in taking the company private and then offered $18 per share in an official proposal.
https://www.cnbc.com/2025/11/23/stock-market-today-live-updates.html,Grindr shares have dropped more than 31% this year after jumping around 103% in 2024.
https://www.cnbc.com/2025/11/23/stock-market-today-live-updates.html,"His new publication titled ""Cassandra Unchained"" with a $379 annual subscription fee arrives with a familiar warning: He believes markets are once again deep in bubble territory."
https://www.cnbc.com/2025/11/23/stock-market-today-live-updates.html,With the race still on to see who will take over as Federal Reserve chair next year Governor Christopher Waller said Monday he recently had another interview with Treasury Secretary Scott Bessent who is running the search.
https://www.cnbc.com/2025/11/23/stock-market-today-live-updates.html,"Waller and Bessent met 10 days ago describing it in a Fox Business interview as ""a great meeting."" ""Once again he and I seem to hit it off very well talking about economics the economy financial markets "" Waller said. ""They're never been political."
https://www.cnbc.com/2025/11/23/stock-market-today-live-updates.html,"They're straight about economics and that's just been a great time for me to sit and talk with them."" Powell's term as chair expires in May 2026."
https://www.cnbc.com/2025/11/23/stock-market-today-live-updates.html,Waller said he would continue having news conference after every Federal Open Market Committee meeting a Powell initiative that extended the traditional quarterly meetings with the press.
https://www.cnbc.com/2025/11/23/stock-market-today-live-updates.html,Stocks traded higher on Monday morning.
https://www.cnbc.com/2025/11/23/stock-market-today-live-updates.html,The Nasdaq Composite gained 1.1% shortly after 9:30 a.m.
https://www.cnbc.com/2025/11/23/stock-market-today-live-updates.html,ET and the S&P 500 advanced 0.7%.
https://www.cnbc.com/2025/11/23/stock-market-today-live-updates.html,The Dow Jones Industrial Average ticked higher by 91 points or 0.2%.
https://www.cnbc.com/2025/11/23/stock-market-today-live-updates.html,Alphabet shares rose more than 4% in the premarket on Monday as investors became more enthusiastic about the company's future in artificial intelligence.
https://www.cnbc.com/2025/11/23/stock-market-today-live-updates.html,"Last week Google announced its latest AI model known as Gemini 3 and some believe that the recent development possibly positions the company to win the AI race over others like ChatGPT creator OpenAI. ""I've used ChatGPT every day for 3 years."
https://www.cnbc.com/2025/11/23/stock-market-today-live-updates.html,Just spent 2 hours on Gemini 3.
https://www.cnbc.com/2025/11/23/stock-market-today-live-updates.html,"I'm not going back "" said Salesforce CEO Marc Benioff in a post on X over the weekend. ""The leap is insane — reasoning speed images video … everything is sharper and faster."
https://www.cnbc.com/2025/11/23/stock-market-today-live-updates.html,"It feels like the world just changed again."" Here are some of the names making moves before the opening bell: To see more premarket movers read the full story here ."
https://www.cnbc.com/2025/11/23/stock-market-today-live-updates.html,Wedbush now has more conviction when it comes to Carvana going forward.
https://www.cnbc.com/2025/11/23/stock-market-today-live-updates.html,The investment firm upgraded the online used-car dealership to an outperform rating from neutral.
https://www.cnbc.com/2025/11/23/stock-market-today-live-updates.html,Analyst Scott Devitt also raised his 12-month price target to $400 from $380 implying a gain of about 29% from Friday's close.
https://www.cnbc.com/2025/11/23/stock-market-today-live-updates.html,While shares of Carvana have surged 52% this year Devitt pointed to its 13% sell-off in the last month as a catalyst for the stock.
https://www.cnbc.com/2025/11/23/stock-market-today-live-updates.html,"He attributed this reaction mainly to ""underwhelming near-term performance"" from CarMax its ""closest peer "" alongside broader rising concerns within the credit markets."
https://www.cnbc.com/2025/11/23/stock-market-today-live-updates.html,CNBC Pro subscribers can read more here .
https://www.cnbc.com/2025/11/23/stock-market-today-live-updates.html,JPMorgan sees an AI-powered future ahead for Chinese internet services provider Baidu .
https://www.cnbc.com/2025/11/23/stock-market-today-live-updates.html,The bank upgraded the Chinese internet services stock to an overweight rating from neutral.
https://www.cnbc.com/2025/11/23/stock-market-today-live-updates.html,It also hiked its price target for U.S.-domiciled shares to $188 from $110 which signals 69% upside ahead.
https://www.cnbc.com/2025/11/23/stock-market-today-live-updates.html,Analyst Alex Yao's upgrade comes as cloud and AI are set to become Baidu's growth engines and value drivers.
https://www.cnbc.com/2025/11/23/stock-market-today-live-updates.html,He believes that the market is underestimating this transition and suggested investors buy into Baidu now to capture the valuation rerating.
https://www.cnbc.com/2025/11/23/stock-market-today-live-updates.html,Shares of Novo Nordisk on Monday fell as much 11% after the Danish drug pharmaceutical company said a highly-anticipated trial for Alzheimer's disease failed to meet its main goal.
https://www.cnbc.com/2025/11/23/stock-market-today-live-updates.html,The trial tested whether semaglutide — the active ingredient in Novo's blockbuster diabetes and weight loss drugs Ozempic and Wegovy — helped slow progression for Alzheimer's disease.
https://www.cnbc.com/2025/11/23/stock-market-today-live-updates.html,"Wall Street is still on edge as it tries to build on the sharp gains observed in the previous session according to Adam Crisafulli of Vital Knowledge. ""US equities are trying to extend their gains from Friday but investor confidence remains frazzled by the MTD volatility and people are hesitant to chase until equities can demonstrate more stability "" he said in a note to clients. ""The main areas of conversation include the outlook for the AI trade (which is fracturing as sentiment cools on OpenAI and its ecosystem partners while Google surges to the fore) and the Fed."
https://www.cnbc.com/2025/11/23/stock-market-today-live-updates.html,"Expectations for a December rate cut jumped noticeably after New York Federal Reserve President John Williams signaled he sees room for ""further adjustment"" to interest rates. ""I view monetary policy as being modestly restrictive although somewhat less so than before our recent actions "" he said in remarks for a speech in Santiago Chile. ""Therefore I still see room for a further adjustment in the near term to the target range for the federal funds rate to move the stance of policy closer to the range of neutral thereby maintaining the balance between the achievement of our two goals."" Futures markets now assign almost a 70% probability that the Fed will trim rates by another quarter point at its final meeting of the year on Dec. 10 — up from about 44% a week earlier CME FedWatch data show."
https://www.cnbc.com/2025/11/23/stock-market-today-live-updates.html,The Fed's benchmark rate currently sits between 3.75% and 4.00%.
https://www.cnbc.com/2025/11/23/stock-market-today-live-updates.html,Investors are grappling with the shaky state of government economic data.
https://www.cnbc.com/2025/11/23/stock-market-today-live-updates.html,On Friday traders learned the Fed won't receive a key inflation reading before its next rate decision after the Bureau of Labor Statistics scrapped the release of October's consumer price index.
https://www.cnbc.com/2025/11/23/stock-market-today-live-updates.html,November's CPI report — originally set for Dec. 10 — has also been pushed to Dec. 18 coming after the Fed meets.
https://www.cnbc.com/2025/11/27/cnbc-daily-open-thanksgiving-cheer-comes-a-day-early-for-us-markets.html,The S&P 500 Dow Jones Industrial Average and Nasdaq Composite all recorded a fourth straight day of gains.
https://www.cnbc.com/2025/11/27/cnbc-daily-open-thanksgiving-cheer-comes-a-day-early-for-us-markets.html,"Shares of Oracle which have been hobbling along in November after wiping out its one-day spike in September advanced roughly 4% after Deutsche Bank said that its recent price pullback ""presents an attractive entry point for investors when looking at Oracle's business in totality."" Other technology and AI-related stocks such as Nvidia and Microsoft rose in sympathy. ""Thanksgiving week is generally a strong week in the markets."
https://www.cnbc.com/2025/11/27/cnbc-daily-open-thanksgiving-cheer-comes-a-day-early-for-us-markets.html,"Everyone's feeling good "" said Eric Diton president and managing director at The Wealth Alliance."
https://www.cnbc.com/2025/11/27/cnbc-daily-open-thanksgiving-cheer-comes-a-day-early-for-us-markets.html,It's what happens after Thanksgiving that might cause some pause.
https://www.cnbc.com/2025/11/27/cnbc-daily-open-thanksgiving-cheer-comes-a-day-early-for-us-markets.html,The futures market is now pricing in a roughly 85% chance the U.S.
https://www.cnbc.com/2025/11/27/cnbc-daily-open-thanksgiving-cheer-comes-a-day-early-for-us-markets.html,Federal Reserve will cut interest rates by a quarter percentage point in December.
https://www.cnbc.com/2025/11/27/cnbc-daily-open-thanksgiving-cheer-comes-a-day-early-for-us-markets.html,"When expectations are too high — and not met — disappointment will be all the more painful. ""If the Fed disappoints you could have a sell-off "" Diton said — but added ""I don't think they will."" And if White House National Economic Council Director Kevin Hassett does assume the role of Fed chair when Jerome Powell vacates his seat rates could trend even lower in the future wrote Bank of America economist Aditya Bhave."
https://www.cnbc.com/2025/11/27/cnbc-daily-open-thanksgiving-cheer-comes-a-day-early-for-us-markets.html,Looser monetary policy tends to provide more support for stocks — that notion seems to be behind optimistic targets for the S&P 500 by the end of 2026.
https://www.cnbc.com/2025/11/27/cnbc-daily-open-thanksgiving-cheer-comes-a-day-early-for-us-markets.html,So far the numbers that have been floated are 7 400 from CFRA Chief Investment Strategist Sam Stovall and as high as 8 000 from JPMorgan .
https://www.cnbc.com/2025/11/27/cnbc-daily-open-thanksgiving-cheer-comes-a-day-early-for-us-markets.html,Investors indeed have much to be thankful for in 2025 — and possibly the next year as well.
https://www.cnbc.com/2025/11/27/cnbc-daily-open-thanksgiving-cheer-comes-a-day-early-for-us-markets.html,Fourth straight day of gains for U.S. stocks.
https://www.cnbc.com/2025/11/27/cnbc-daily-open-thanksgiving-cheer-comes-a-day-early-for-us-markets.html,Major indexes closed higher on Wednesday lifted by technology firms such as Oracle and Nvidia.
https://www.cnbc.com/2025/11/27/cnbc-daily-open-thanksgiving-cheer-comes-a-day-early-for-us-markets.html,Asia-Pacific markets advanced Thursday .
https://www.cnbc.com/2025/11/27/cnbc-daily-open-thanksgiving-cheer-comes-a-day-early-for-us-markets.html,India's Nifty 50 and BSE Sensex climbed to record highs.
https://www.cnbc.com/2025/11/27/cnbc-daily-open-thanksgiving-cheer-comes-a-day-early-for-us-markets.html,Apple's smartphone shipments to overtake Samsung.
https://www.cnbc.com/2025/11/27/cnbc-daily-open-thanksgiving-cheer-comes-a-day-early-for-us-markets.html,The company will ship around 243 million iPhones this year higher than the 235 million smartphones from Samsung Counterpoint Research wrote.
https://www.cnbc.com/2025/11/27/cnbc-daily-open-thanksgiving-cheer-comes-a-day-early-for-us-markets.html,It'd be the first time in 14 years Apple will outstrip its rival.
https://www.cnbc.com/2025/11/27/cnbc-daily-open-thanksgiving-cheer-comes-a-day-early-for-us-markets.html,China's industrial profits decline in October.
https://www.cnbc.com/2025/11/27/cnbc-daily-open-thanksgiving-cheer-comes-a-day-early-for-us-markets.html,Earnings dropped 5.5% from a year earlier the biggest slide since June according to the country's National Bureau of Statistics.
https://www.cnbc.com/2025/11/27/cnbc-daily-open-thanksgiving-cheer-comes-a-day-early-for-us-markets.html,Trade tensions with the U.S. pressured China's exports in October.
https://www.cnbc.com/2025/11/27/cnbc-daily-open-thanksgiving-cheer-comes-a-day-early-for-us-markets.html,AI can replace 11.7% of U.S. workforce MIT says.
https://www.cnbc.com/2025/11/27/cnbc-daily-open-thanksgiving-cheer-comes-a-day-early-for-us-markets.html,That's equivalent to $1.2 trillion in wages across finance health care and professional services.
https://www.cnbc.com/2025/11/27/cnbc-daily-open-thanksgiving-cheer-comes-a-day-early-for-us-markets.html,The study which was released Wednesday by the university created a simulation of 151 million U.S. workers. [PRO] Bitcoin might continue battling headwinds.
https://www.cnbc.com/2025/11/27/cnbc-daily-open-thanksgiving-cheer-comes-a-day-early-for-us-markets.html,The cryptocurrency has fallen more than 20% in November and will likely continue its descent for the rest of the year according to Compass Point.
https://www.cnbc.com/2025/11/27/cnbc-daily-open-thanksgiving-cheer-comes-a-day-early-for-us-markets.html,Here's why the investment bank has that view.
https://www.cnbc.com/2025/11/27/cnbc-daily-open-thanksgiving-cheer-comes-a-day-early-for-us-markets.html,Foreign investors warm to China's cheaper AI valuations despite fears of a U.S. bubble U.S. venture deals in AI and robotics have exceeded $160 billion so far this year according to a CNBC analysis of PitchBook data.
https://www.cnbc.com/2025/11/27/cnbc-daily-open-thanksgiving-cheer-comes-a-day-early-for-us-markets.html,Comparable deals in China this year are just over $10 billion the data showed.
https://www.cnbc.com/2025/11/27/cnbc-daily-open-thanksgiving-cheer-comes-a-day-early-for-us-markets.html,It's a confluence of regulatory pressures in China U.S. export controls and a scrappy startup environment where locals have overcome stringent pandemic lockdowns to stay competitive.
https://www.cnbc.com/2025/11/27/cnbc-daily-open-an-early-thanksgiving-celebration-in-us-markets.html,Europe's Stoxx 600 added 1.09%.
https://www.cnbc.com/2025/11/27/cnbc-daily-open-an-early-thanksgiving-celebration-in-us-markets.html,U.K. banks climbed following the release of the country's budget.
https://www.cnbc.com/2025/11/27/cnbc-daily-open-an-early-thanksgiving-celebration-in-us-markets.html,UK unveils its Autumn Budget.
https://www.cnbc.com/2025/11/27/cnbc-daily-open-an-early-thanksgiving-celebration-in-us-markets.html,"Some measures Finance Minister Rachel Reeves announced on Wednesday include tax breaks for startup employees and investors and frozen income tax thresholds — which have been described as ""stealth tax"" for workers ."
https://www.cnbc.com/2025/11/27/cnbc-daily-open-an-early-thanksgiving-celebration-in-us-markets.html,The study which was released Wednesday by the university created a simulation of 151 million U.S. workers. [PRO] The S&P 500 to hit 8 000 next year?
https://www.cnbc.com/2025/11/27/cnbc-daily-open-an-early-thanksgiving-celebration-in-us-markets.html,A JPMorgan strategist thinks the broad-based index will end 2026 at 7 500 roughly 10% higher than Wednesday's close.
https://www.cnbc.com/2025/11/27/cnbc-daily-open-an-early-thanksgiving-celebration-in-us-markets.html,But if certain events happen he thinks the S&P 500 could touch even higher levels.
https://www.cnbc.com/2025/11/25/cnbc-daily-open-a-risky-alpha-bet-in-markets-to-revive-ai-trade.html,Its stock jumped 6.3% lifting associated AI names such as Broadcom Micron Technology and AMD .
https://www.cnbc.com/2025/11/25/cnbc-daily-open-a-risky-alpha-bet-in-markets-to-revive-ai-trade.html,Major indexes rallied with the Nasdaq Composite posting its best day in six months.
https://www.cnbc.com/2025/11/25/cnbc-daily-open-a-risky-alpha-bet-in-markets-to-revive-ai-trade.html,Investors were particularly enthusiastic about Broadcom because it helps to design and manufacture Google-parent Alphabet's custom AI chips.
https://www.cnbc.com/2025/11/25/cnbc-daily-open-a-risky-alpha-bet-in-markets-to-revive-ai-trade.html,In other words the more market share Alphabet's AI offerings gain the greater the benefit to Broadcom — rather like Nvidia and the broader AI sector at the moment.
https://www.cnbc.com/2025/11/25/cnbc-daily-open-a-risky-alpha-bet-in-markets-to-revive-ai-trade.html,Broadcom shares surged 11.1% on this notion making it the S&P 500's top gainer.
https://www.cnbc.com/2025/11/25/cnbc-daily-open-a-risky-alpha-bet-in-markets-to-revive-ai-trade.html,"But while investors may cheer Alphabet's leadership on Monday not everyone wants it to have the last word. ""Some investors are petrified that Alphabet will win the AI war due to huge improvements in its Gemini AI model and ongoing benefits from its custom TPU chip "" Melius Research analyst Ben Reitzes wrote to clients in a Monday note. ""GOOGL winning would actually hurt several stocks we cover — so prepare for volatility ."" Approaching the market's moves from another angle Melissa Brown managing director of investment decision research at SimCorp said it's a concern when just one stock lifts the market. ""That just doesn't seem to me to be a sustainable force behind driving the market higher over the next however many days "" she added."
https://www.cnbc.com/2025/11/25/cnbc-daily-open-a-risky-alpha-bet-in-markets-to-revive-ai-trade.html,Alphabet on Monday may have brought about alpha — in the sense of market outperformance and potentially beginning a new phase of AI enthusiasm — but letting it be the omega as well could pose problems for investors.
https://www.cnbc.com/2025/11/25/cnbc-daily-open-a-risky-alpha-bet-in-markets-to-revive-ai-trade.html,U.S. tech stocks roar back .
https://www.cnbc.com/2025/11/25/cnbc-daily-open-a-risky-alpha-bet-in-markets-to-revive-ai-trade.html,The Nasdaq Composite popped 2.69% its best day since May 12 on investors enthusiasm over Alphabet and its new AI model Gemini 3 .
https://www.cnbc.com/2025/11/25/cnbc-daily-open-a-risky-alpha-bet-in-markets-to-revive-ai-trade.html,Other major indexes rose in tandem.
https://www.cnbc.com/2025/11/25/cnbc-daily-open-a-risky-alpha-bet-in-markets-to-revive-ai-trade.html,The pan-European Stoxx 600 ticked up 0.14%.
https://www.cnbc.com/2025/11/25/cnbc-daily-open-a-risky-alpha-bet-in-markets-to-revive-ai-trade.html,Amazon will spend up to $50 billion on AI infrastructure.
https://www.cnbc.com/2025/11/25/cnbc-daily-open-a-risky-alpha-bet-in-markets-to-revive-ai-trade.html,The compute capacity will amount to nearly 1.3 gigawatts and cater to the company's U.S. government customers Amazon said Monday.
https://www.cnbc.com/2025/11/25/cnbc-daily-open-a-risky-alpha-bet-in-markets-to-revive-ai-trade.html,OpenAI has first prototypes for its device.
https://www.cnbc.com/2025/11/25/cnbc-daily-open-a-risky-alpha-bet-in-markets-to-revive-ai-trade.html,"CEO Sam Altman on Friday described it as ""jaw dropping."" In May OpenAI acquired former Apple design chief Jony Ive's startup and said it would create AI hardware ."
https://www.cnbc.com/2025/11/25/cnbc-daily-open-a-risky-alpha-bet-in-markets-to-revive-ai-trade.html,Trump had a call with his Chinese counterpart Xi.
https://www.cnbc.com/2025/11/25/cnbc-daily-open-a-risky-alpha-bet-in-markets-to-revive-ai-trade.html,A White House official confirmed to CNBC that the U.S. president spoke on the phone with Xi Jinping on Monday morning.
https://www.cnbc.com/2025/11/25/cnbc-daily-open-a-risky-alpha-bet-in-markets-to-revive-ai-trade.html,Trump wrote on Truth Social that both parties discussed aspects of their earlier trade truce. [PRO] The S&P 500's dividend yield is looking dismal.
https://www.cnbc.com/2025/11/25/cnbc-daily-open-a-risky-alpha-bet-in-markets-to-revive-ai-trade.html,For investors who are still looking to hold dividend-paying stocks however research firm Trivariate Research has a few suggestions on the top performers .
https://www.cnbc.com/2025/11/25/cnbc-daily-open-a-risky-alpha-bet-in-markets-to-revive-ai-trade.html,Could markets be facing an 'everything bubble'?
https://www.cnbc.com/2025/11/25/cnbc-daily-open-a-risky-alpha-bet-in-markets-to-revive-ai-trade.html,"Investors are divided Dan Hanbury who co-manages the Global Strategic Equity strategy at investment manager Ninety One told CNBC that while the formation of an AI bubble appears to be ""the ultimate question at the moment "" off-kilter prices stretch far beyond the realms of artificial intelligence. ""I think if you step back and look at valuations it's very hard to argue there's not a bubble in the U.S. market "" he conceded."
https://www.cnbc.com/2025/11/25/cnbc-daily-open-a-risky-alpha-bet-in-markets-to-revive-ai-trade.html,"But despite there being ""lots of red flags"" in equity markets Hanbury said market participants needed to take a broader view."
https://www.cnbc.com/2025/11/24/asia-markets-today-monday-kospi-hang-seng-index-fed-rate-cut-tech-ai-trade.html,Asia-Pacific markets were mixed Monday after New York Federal Reserve President John Williams signaled a third rate cut was a possibility this year.
https://www.cnbc.com/2025/11/24/asia-markets-today-monday-kospi-hang-seng-index-fed-rate-cut-tech-ai-trade.html,On Friday Williams suggested the Fed could lower its key interest rate as labor market weakness poses a bigger economic threat than higher inflation.
https://www.cnbc.com/2025/11/24/asia-markets-today-monday-kospi-hang-seng-index-fed-rate-cut-tech-ai-trade.html,The Fed has just one meeting left for 2025 which will take place on Dec. 9-10 stateside.
https://www.cnbc.com/2025/11/24/asia-markets-today-monday-kospi-hang-seng-index-fed-rate-cut-tech-ai-trade.html,The target rate is currently at 3.75% to 4.00%.
https://www.cnbc.com/2025/11/24/asia-markets-today-monday-kospi-hang-seng-index-fed-rate-cut-tech-ai-trade.html,Fed funds futures are pricing in around a 70% chance for a quarter-percentage-point cut according to the CME FedWatch tool up from about 44% during the week through Nov. 14.
https://www.cnbc.com/2025/11/24/asia-markets-today-monday-kospi-hang-seng-index-fed-rate-cut-tech-ai-trade.html,Asian markets declined across the board last week as traders fled tech stocks with heavyweights such as SoftBank Samsung Electronics and Baidu posting losses.
https://www.cnbc.com/2025/11/24/asia-markets-today-monday-kospi-hang-seng-index-fed-rate-cut-tech-ai-trade.html,Hong Kong's Hang Seng index rose 1.97% to 25 716.5 boosted by tech and healthcare stocks while mainland China's CSI 300 fell 0.12% to 4 448.05.
https://www.cnbc.com/2025/11/24/asia-markets-today-monday-kospi-hang-seng-index-fed-rate-cut-tech-ai-trade.html,South Korea's markets turned negative after rising earlier in the session.
https://www.cnbc.com/2025/11/24/asia-markets-today-monday-kospi-hang-seng-index-fed-rate-cut-tech-ai-trade.html,The Kospi closed 0.19% lower at 3 846.06 while the small-cap Kosdaq fell 0.87% to 856.44.
https://www.cnbc.com/2025/11/24/asia-markets-today-monday-kospi-hang-seng-index-fed-rate-cut-tech-ai-trade.html,Kospi heavyweight Samsung Electronics rose 2%.
https://www.cnbc.com/2025/11/24/asia-markets-today-monday-kospi-hang-seng-index-fed-rate-cut-tech-ai-trade.html,Australia's S&P/ASX 200 rose 1.29% to 8 525.1 rebounding from a 1.59% loss on Friday.
https://www.cnbc.com/2025/11/24/asia-markets-today-monday-kospi-hang-seng-index-fed-rate-cut-tech-ai-trade.html,On Monday shares of logistics group Qube climbed nearly 20% after Macquarie Asset Management made an offer of 11.6 billion Australian dollars ($7.49 billion) to acquire the firm.
https://www.cnbc.com/2025/11/24/asia-markets-today-monday-kospi-hang-seng-index-fed-rate-cut-tech-ai-trade.html,Mining giant BHP rose about 0.62% after the company announced it was no longer considering a merger with British miner Anglo American.
https://www.cnbc.com/2025/11/24/asia-markets-today-monday-kospi-hang-seng-index-fed-rate-cut-tech-ai-trade.html,India's Nifty 50 and the BSE Sensex were trading flat as of 2 p.m. local time.
https://www.cnbc.com/2025/11/24/asia-markets-today-monday-kospi-hang-seng-index-fed-rate-cut-tech-ai-trade.html,Japan's markets were closed for a public holiday.
https://www.cnbc.com/2025/11/24/asia-markets-today-monday-kospi-hang-seng-index-fed-rate-cut-tech-ai-trade.html,On Friday in the U.S. all three major indexes posted a rebound with the Dow Jones Industrial Average gaining 1.08% the Nasdaq Composite advancing 0.88% and the S&P 500 finishing 0.98% higher. —CNBC's Sean Conlon and Pia Singh contributed to this report.
https://www.cnbc.com/2025/11/27/asia-pacific-markets-today-thursday-nikkei-225-hang-seng-index-csi-300-kospi.html,India's benchmark indexes hit a record high Thursday as Asia-Pacific markets tracked Wall Street gains on Fed rate-cut hopes and tech rebound.
https://www.cnbc.com/2025/11/27/asia-pacific-markets-today-thursday-nikkei-225-hang-seng-index-csi-300-kospi.html,The Nifty 50 hit 26 284.2 while the BSE Sensex reached 86 026.18.
https://www.cnbc.com/2025/11/27/asia-pacific-markets-today-thursday-nikkei-225-hang-seng-index-csi-300-kospi.html,Both the indexes had last hit record highs in September 2024.
https://www.cnbc.com/2025/11/27/asia-pacific-markets-today-thursday-nikkei-225-hang-seng-index-csi-300-kospi.html,Japan's benchmark Nikkei 225 index closed 1.23% higher at 50 167.1 led by tech stocks while the Topix index added 0.39% to 3 368.57.
https://www.cnbc.com/2025/11/27/asia-pacific-markets-today-thursday-nikkei-225-hang-seng-index-csi-300-kospi.html,Among the top movers were Advantest up 4.88% tech conglomerate SoftBank Group soared 3.57% and Lasertec which was up 4.6%.
https://www.cnbc.com/2025/11/27/asia-pacific-markets-today-thursday-nikkei-225-hang-seng-index-csi-300-kospi.html,South Korea's Kospi advanced 0.66% to 3 986.91 while the small-cap Kosdaq climbed 0.31% to 880.06.
https://www.cnbc.com/2025/11/27/asia-pacific-markets-today-thursday-nikkei-225-hang-seng-index-csi-300-kospi.html,The Bank of Korea kept its benchmark interest rate unchanged at 2.5% — in line with expectations — for a fourth consecutive policy meeting amid a weakened local currency and overheated housing market.
https://www.cnbc.com/2025/11/27/asia-pacific-markets-today-thursday-nikkei-225-hang-seng-index-csi-300-kospi.html,The Korean won has weakened against the greenback in recent months to its lowest level since April.
https://www.cnbc.com/2025/11/27/asia-pacific-markets-today-thursday-nikkei-225-hang-seng-index-csi-300-kospi.html,Australia's ASX/S&P 200 rose 0.13% to close at 8 617.3.
https://www.cnbc.com/2025/11/27/asia-pacific-markets-today-thursday-nikkei-225-hang-seng-index-csi-300-kospi.html,Hong Kong's Hang Seng Index and mainland's CSI 300 closed flat at 25 945.93 and 4 515.4 respectively.
https://www.cnbc.com/2025/11/27/asia-pacific-markets-today-thursday-nikkei-225-hang-seng-index-csi-300-kospi.html,China's industrial profits in October plunged 5.5% from a year earlier government data showed Thursday.
https://www.cnbc.com/2025/11/27/asia-pacific-markets-today-thursday-nikkei-225-hang-seng-index-csi-300-kospi.html,Profits for the first 10 months of the year rose 1.9% year on year compared to the 3.2% rise in the January to September period.
https://www.cnbc.com/2025/11/27/asia-pacific-markets-today-thursday-nikkei-225-hang-seng-index-csi-300-kospi.html,Overnight the key indexes in the U.S. logged four straight days of gains on rising hopes for a Federal Reserve interest rate cut in December.
https://www.cnbc.com/2025/11/27/asia-pacific-markets-today-thursday-nikkei-225-hang-seng-index-csi-300-kospi.html,Investors see an 85% chance of a quarter-percentage-point rate cut in December up from 30% last week according to the CME FedWatch tool .
https://www.cnbc.com/2025/11/27/asia-pacific-markets-today-thursday-nikkei-225-hang-seng-index-csi-300-kospi.html,Shares of artificial intelligence player Oracle jumped more than 4% on Wednesday boosting major averages after Deutsche Bank reaffirmed its bullish stance on the name.
https://www.cnbc.com/2025/11/27/asia-pacific-markets-today-thursday-nikkei-225-hang-seng-index-csi-300-kospi.html,On Wednesday stateside the Dow Jones Industrial Average gained 314.67 points or 0.67% to finish at 47 427.12.
https://www.cnbc.com/2025/11/27/asia-pacific-markets-today-thursday-nikkei-225-hang-seng-index-csi-300-kospi.html,The S&P 500 climbed 0.69% to settle at 6 812.61 while the Nasdaq Composite increased 0.82% to close at 23 214.69. — CNBC's Sean Conlon and Pia Singh contributed to this report.
https://www.cnbc.com/2025/11/24/broadcom-is-joining-alphabet-in-the-ai-rally-why-investors-are-jumping-in.html,Broadcom shares rallied 11.1% on Monday making it the S&P 500's top performer of the day as investors poured back into several high-flying tech companies tied to the artificial intelligence trade.
https://www.cnbc.com/2025/11/24/broadcom-is-joining-alphabet-in-the-ai-rally-why-investors-are-jumping-in.html,Monday's rally saw Broadcom notch its best day since April 9.
https://www.cnbc.com/2025/11/24/broadcom-is-joining-alphabet-in-the-ai-rally-why-investors-are-jumping-in.html,The stock was also the best performer in the Technology Select Sector SPDR fund (XLK) which tracks the S&P 500 tech sector.
https://www.cnbc.com/2025/11/24/broadcom-is-joining-alphabet-in-the-ai-rally-why-investors-are-jumping-in.html,Google TPUs are considered a competitor to Nvidia's graphics processing units (GPUs) for AI workloads.
https://www.cnbc.com/2025/11/24/broadcom-is-joining-alphabet-in-the-ai-rally-why-investors-are-jumping-in.html,Analysts have recently lifted their outlooks on Broadcom on enthusiasm about its relationship with Alphabet.
https://www.cnbc.com/2025/11/24/broadcom-is-joining-alphabet-in-the-ai-rally-why-investors-are-jumping-in.html,"Melius Research's Ben Reitzes last month reiterated his buy rating on Broadcom and lifted his price target on the stock by $60 to $475 which suggests 39.6% potential upside from Friday's close. ""Google and its partner Broadcom have been at it together with this custom ASIC since 2016 now in its 7th generation."
https://www.cnbc.com/2025/11/24/broadcom-is-joining-alphabet-in-the-ai-rally-why-investors-are-jumping-in.html,Outside of the Nvidia GPU for AI workloads the TPU is the most proven ASIC out there — and now it has the most tangible momentum.
https://www.cnbc.com/2025/11/24/broadcom-is-joining-alphabet-in-the-ai-rally-why-investors-are-jumping-in.html,"The decision to develop this product early is now starting to inflect to the upside — delivering for both Broadcom's AI revenues and Google Cloud (GCP) growth "" Reitzes wrote in an Oct. 27 note to clients. ""While good for Alphabet it may turn out to be even better for Broadcom who could have huge upside to its AI revenues with Alphabet and a host of other partners who want a piece of this design expertise "" he continued adding that the ""TPU is rapidly becoming a larger part of Alphabet's growth strategy."" Jefferies analyst Blayne Curtis who has the highest price target among analysts on Broadcom per LSEG named the stock a top pick earlier this month and said that ASICs are hitting an ""inflection point"" as Google's need for custom chips continues to grow. ""Google has long been the main ASIC customer for AVGO but those volumes should become much more meaningful in C26/27 "" Curtis wrote in a Nov. 3 note. ""Google continues to see the amount of tokens they process per month rise and announced 1 300T in October up from 480T in April 2025."
https://www.cnbc.com/2025/11/24/broadcom-is-joining-alphabet-in-the-ai-rally-why-investors-are-jumping-in.html,"This should grow even more as compute is needed for multimodal models."" Curtis has a buy rating on shares and lifted his price target by $65 to $480."
https://www.cnbc.com/2025/11/24/broadcom-is-joining-alphabet-in-the-ai-rally-why-investors-are-jumping-in.html,That implies the stock could jump another 41%.
https://www.cnbc.com/2025/11/24/broadcom-is-joining-alphabet-in-the-ai-rally-why-investors-are-jumping-in.html,Dan Ives Wedbush Securities global head of technology research told CNBC he is very bullish on Broadcom and Alphabet.
https://www.cnbc.com/2025/11/24/broadcom-is-joining-alphabet-in-the-ai-rally-why-investors-are-jumping-in.html,"Ives owns both stocks in the Dan IVES Wedbush AI Revolution ETF (IVES) . ""Broadcom and Alphabet are the new AI plays the market is rediscovering the massive market for ASIC chips with Google leading the charge "" he said. ""This could be the most proven ASIC chip in the market and the AI Revolution is still early days ... it's been a historic quick turnaround to the very bullish Street sentiment today."
https://www.cnbc.com/2025/11/24/broadcom-is-joining-alphabet-in-the-ai-rally-why-investors-are-jumping-in.html,"Alphabet shares are up 21% over the past month outperforming its ""Magnificent Seven"" peers and propelling the broader market higher in recent trading sessions."
https://www.cnbc.com/2025/11/25/irs-guidance-trump-tips-overtime-deductions.html,"As tax season approaches the IRS has released guidance for workers who can claim the federal deduction for tips and overtime pay enacted via President Donald Trump 's ""big beautiful bill."" The guidance released last week covers how to report these deductions on tax returns."
https://www.cnbc.com/2025/11/25/irs-guidance-trump-tips-overtime-deductions.html,But workers could still face questions at tax time experts say.
https://www.cnbc.com/2025/11/25/irs-guidance-trump-tips-overtime-deductions.html,"The tip provision allows certain workers to deduct up to $25 000 in ""qualified tips"" from 2025 through 2028."
https://www.cnbc.com/2025/11/25/irs-guidance-trump-tips-overtime-deductions.html,The tax break phases out once modified adjusted gross income exceeds $150 000 or $300 000 for married couples filing jointly.
https://www.cnbc.com/2025/11/25/irs-guidance-trump-tips-overtime-deductions.html,Meanwhile Trump's tax break for eligible overtime pay offers a deduction of up to $12 500 for single filers or $25 000 for joint filers with the same income phaseouts.
https://www.cnbc.com/2025/11/25/irs-guidance-trump-tips-overtime-deductions.html,This provision is also temporary in effect from 2025 through 2028.
https://www.cnbc.com/2025/11/25/irs-guidance-trump-tips-overtime-deductions.html,Workers can deduct tips or overtime pay if those earnings are reported via so-called information returns such as Forms W-2 or 1099 according to the legislation.
https://www.cnbc.com/2025/11/25/irs-guidance-trump-tips-overtime-deductions.html,"While the IRS is ""strongly encouraging"" employers to provide this reporting it's not required for tax year 2025 said Thomas Gorczynski a Tempe Arizona-based enrolled agent which is a tax license to practice before the IRS."
https://www.cnbc.com/2025/11/25/irs-guidance-trump-tips-overtime-deductions.html,"Gorczynski who also educates tax professionals on legislation changes said: ""We're going to have this hodgepodge weird year of rules that's going to make reporting very difficult for employees."" Approximately 6 million workers report tipped wages according to IRS estimates."
https://www.cnbc.com/2025/11/25/irs-guidance-trump-tips-overtime-deductions.html,And nationally about 6% of workers reported overtime pay in 2024 according to the Peter G.
https://www.cnbc.com/2025/11/25/irs-guidance-trump-tips-overtime-deductions.html,Peterson Foundation an economic organization.
https://www.cnbc.com/2025/11/25/irs-guidance-trump-tips-overtime-deductions.html,"These taxpayers will soon have to navigate Trump's tip and overtime deductions for 2025 which apply to their returns filed in 2026. ""Taxpayer confusion will be off the charts at tax time on these provisions "" Terry Lemons former communications and liaison chief for the IRS said in a LinkedIn post last week."
https://www.cnbc.com/2025/11/25/irs-guidance-trump-tips-overtime-deductions.html,"The new IRS guidance also includes ""transition relief"" for certain workers who receive tips via a so-called "" specified service trade or businesses "" or SSTBs."
https://www.cnbc.com/2025/11/25/irs-guidance-trump-tips-overtime-deductions.html,Trump's 2017 tax law outlined the list of SSTBs to limit eligibility for a 20% deduction for certain businesses and includes sectors like health care legal financial services performing arts and more.
https://www.cnbc.com/2025/11/25/irs-guidance-trump-tips-overtime-deductions.html,"SSTB workers are excluded from claiming the new tip deduction under Trump's ""big beautiful bill."" But these workers may briefly be eligible for the tip deduction until the Treasury Department and IRS finalize regulations. ""I don't want people to think that this new waiver is the permanent provision or a permanent guidance "" Gorczynski said."
https://www.cnbc.com/2025/11/25/irs-guidance-trump-tips-overtime-deductions.html,"It's a ""temporary waiver"" for some SSTB workers to claim the tip deduction for 2025 he said."
https://www.cnbc.com/2025/11/25/irs-guidance-trump-tips-overtime-deductions.html,"But there could be an ""unhappy surprise"" in 2026 and future years if eligibility goes away."
https://www.cnbc.com/2025/11/25/nvidia-shares-today-google-meta-ai-chip-report.html,Nvidia shares fell on Tuesday after The Information reported that Meta is considering using chips designed by Google.
https://www.cnbc.com/2025/11/25/nvidia-shares-today-google-meta-ai-chip-report.html,Shares of Nvidia fell as much as 7% before recovering to trade down 4.3% later in the day.
https://www.cnbc.com/2025/11/25/nvidia-shares-today-google-meta-ai-chip-report.html,Google parent Alphabet was 4.2% higher after a more than 6% rally on Monday.
https://www.cnbc.com/2025/11/25/nvidia-shares-today-google-meta-ai-chip-report.html,On Monday The Information reported that Meta is considering using Google's tensor processing units or TPUs in its data centers in 2027.
https://www.cnbc.com/2025/11/25/nvidia-shares-today-google-meta-ai-chip-report.html,"Meta may also rent TPUs from Google's cloud unit next year the publication reported. ""Google Cloud is experiencing accelerating demand for both our custom TPUs and NVIDIA GPUs; we are committed to supporting both as we have for years "" a Google spokesperson told CNBC."
https://www.cnbc.com/2025/11/25/nvidia-shares-today-google-meta-ai-chip-report.html,Google launched its first-generation TPU in 2018 and it was initially designed for its own internal use for its cloud computing business.
https://www.cnbc.com/2025/11/25/nvidia-shares-today-google-meta-ai-chip-report.html,Since then Google has launched more advanced versions of its chip that are designed to handle artificial intelligence workloads.
https://www.cnbc.com/2025/11/25/nvidia-shares-today-google-meta-ai-chip-report.html,TPUs are a customized chip and experts say this gives Google an advantage over rivals as it can offer customers a highly efficient product for AI.
https://www.cnbc.com/2025/11/25/nvidia-shares-today-google-meta-ai-chip-report.html,If Meta uses the TPUs it would be big win for Google and potential validation of the technology.
https://www.cnbc.com/2025/11/25/nvidia-shares-today-google-meta-ai-chip-report.html,Shares of Broadcom which helps Google design its TPUs were up more than 1% on Tuesday after an 11% rise the day before.
https://www.cnbc.com/2025/11/25/nvidia-shares-today-google-meta-ai-chip-report.html,Nvidia remains the market leader with its graphics processing units GPUs that have become the main piece of hardware underpinning the huge AI infrastructure build-out.
https://www.cnbc.com/2025/11/25/nvidia-shares-today-google-meta-ai-chip-report.html,While Nvidia's dominance is unlikely to be dislodged in the near term Google's TPUs add further competition into the AI semiconductor market.
https://www.cnbc.com/2025/11/25/nvidia-shares-today-google-meta-ai-chip-report.html,Shares of Advanced Micro Devices previously seen as offering the most credible challenger to Nvidia's GPUs were trading 6% lower on Tuesday.
https://www.cnbc.com/2025/11/25/nvidia-shares-today-google-meta-ai-chip-report.html,"Chip designer Arm's shares fell 4.2%. ""There was some sense that [AMD] could be the number two [in the market] and now it's become clear that there may not be room for that "" Gil Luria head of technology research at D.A."
https://www.cnbc.com/2025/11/25/nvidia-shares-today-google-meta-ai-chip-report.html,Companies building AI infrastructure have been searching for a more diversified supply of chips to reduce reliance on Nvidia.
https://www.cnbc.com/2025/11/25/nvidia-shares-today-google-meta-ai-chip-report.html,Meta is among the biggest spenders on AI infrastructure with the company projecting its capital expenditures to stand between $70 billion and $72 billion this year.
https://www.cnbc.com/2025/11/25/nvidia-shares-today-google-meta-ai-chip-report.html,"The share price moves come amid continued debate around whether there is an ""AI bubble"" and stretched tech company valuations."
https://www.cnbc.com/2025/11/25/nvidia-shares-today-google-meta-ai-chip-report.html,Nvidia has been central to the debate and the company last week reported a stronger-than-expected sales forecast for the current quarter but technology stocks fell after.
https://www.cnbc.com/2025/11/24/blackrocks-ishares-bitcoin-fund-sees-record-exodus-as-crypto-heads-for-worst-month-since-2022.html,The iShares Bitcoin Trust ETF has recorded $2.2 billion in outflows this month as of Monday FactSet data shows.
https://www.cnbc.com/2025/11/24/blackrocks-ishares-bitcoin-fund-sees-record-exodus-as-crypto-heads-for-worst-month-since-2022.html,That's nearly eight times the $291 million in losses suffered by the investment vehicle last October or its second-worst month on record since its debut in early 2024.
https://www.cnbc.com/2025/11/24/blackrocks-ishares-bitcoin-fund-sees-record-exodus-as-crypto-heads-for-worst-month-since-2022.html,The outflows come as bitcoin is bleeding.
https://www.cnbc.com/2025/11/24/blackrocks-ishares-bitcoin-fund-sees-record-exodus-as-crypto-heads-for-worst-month-since-2022.html,The digital asset was last trading at $87 907.10 — down more than 20% over the past month and off more than 40% from its high of just north of $126 000 hit in early October.
https://www.cnbc.com/2025/11/24/blackrocks-ishares-bitcoin-fund-sees-record-exodus-as-crypto-heads-for-worst-month-since-2022.html,"That makes November bitcoin's worst month since June 2022 when the asset's price fell about 39%. ""There's no doubt that hot-money investments have had significant outflows "" Jay Hatfield CEO and portfolio manager at Infrastructure Capital Advisors told CNBC."
https://www.cnbc.com/2025/11/24/blackrocks-ishares-bitcoin-fund-sees-record-exodus-as-crypto-heads-for-worst-month-since-2022.html,"But ""the pullback is really focused on the gambling part of the market … and bitcoin is really the poster child for that "" he said."
https://www.cnbc.com/2025/11/24/blackrocks-ishares-bitcoin-fund-sees-record-exodus-as-crypto-heads-for-worst-month-since-2022.html,Investors are exiting BlackRock's fund to rotate into risk-off assets such as gold amid mounting economic uncertainties and signs of souring market sentiment.
https://www.cnbc.com/2025/11/24/blackrocks-ishares-bitcoin-fund-sees-record-exodus-as-crypto-heads-for-worst-month-since-2022.html,A recent survey from the University of Michigan showed that consumer sentiment has nosedived to near record-low levels.
https://www.cnbc.com/2025/11/24/blackrocks-ishares-bitcoin-fund-sees-record-exodus-as-crypto-heads-for-worst-month-since-2022.html,Meanwhile investors are awaiting crucial data from the September retail sales and the producer price index reports due out on Tuesday.
https://www.cnbc.com/2025/11/24/blackrocks-ishares-bitcoin-fund-sees-record-exodus-as-crypto-heads-for-worst-month-since-2022.html,And while the CME FedWatch Tool shows that traders are now pricing in more than 80% odds that the Federal Reserve will slash rates at its December meeting such a cut remains far from sure bet.
https://www.cnbc.com/2025/11/24/blackrocks-ishares-bitcoin-fund-sees-record-exodus-as-crypto-heads-for-worst-month-since-2022.html,Amid all the uncertainty bitcoin is bleeding.
https://www.cnbc.com/2025/11/24/blackrocks-ishares-bitcoin-fund-sees-record-exodus-as-crypto-heads-for-worst-month-since-2022.html,"And investors in spot bitcoin ETFs particularly newer holders are feeling pressure to sell their shares — a reality that could extend the asset's downside in the near term Frank Chaparro head of content and special projects at crypto-focused trading firm GSR told CNBC. ""With the macro environment becoming less certain investors tend to de-risk across assets which often means trimming exposure to crypto and other risk-sensitive stocks "" Chaparro said. ""And for newer entrants who came in through the funds any downturn can be unsettling – they can sell just as quickly as they bought."" But while it's true that spot bitcoin ETFs have brought in hoards of new retail investors who may be flighty during volatile times the funds have also attracted a range of long-term investors such as institutions who can hold through the downturn according to Joshua Levine chairman at bitcoin treasury firm OranjeBTC told CNBC."
https://www.cnbc.com/2025/11/24/blackrocks-ishares-bitcoin-fund-sees-record-exodus-as-crypto-heads-for-worst-month-since-2022.html,"That institutional base could ""dampen some of the extreme downside but also smooth upside reducing bitcoin's volatility as the asset class matures "" Levine said."
https://www.cnbc.com/2025/11/24/blackrocks-ishares-bitcoin-fund-sees-record-exodus-as-crypto-heads-for-worst-month-since-2022.html,More In Crypto World watch now watch now VIDEO 19:39 Strategy's Michael Saylor weighs in on whether bitcoin's four-year cycle is dead: CNBC Crypto World Talia Kaplan watch now watch now VIDEO 13:36 Bitcoin rises alongside stocks ahead of Thanksgiving holiday: CNBC Crypto World Talia Kaplan watch now watch now VIDEO 11:23 Pantera’s Cosmo Jiang discusses drivers behind crypto's November sell-off Talia Kaplan Read More
https://www.cnbc.com/2025/11/24/how-alibaba-overcame-beijings-crackdown-to-become-an-ai-giant.html,On a cold November evening in Shanghai in 2020 the world's largest IPO was abruptly canceled by Chinese regulators.
https://www.cnbc.com/2025/11/24/how-alibaba-overcame-beijings-crackdown-to-become-an-ai-giant.html,It was Ant Group the fintech affiliate of tech giant Alibaba .
https://www.cnbc.com/2025/11/24/how-alibaba-overcame-beijings-crackdown-to-become-an-ai-giant.html,The company's founder Jack Ma one of China's most famous billionaires was under scrutiny for comments seemingly criticising the country's financial regulators.
https://www.cnbc.com/2025/11/24/how-alibaba-overcame-beijings-crackdown-to-become-an-ai-giant.html,What followed was four years of pressure on Ma's empire .
https://www.cnbc.com/2025/11/24/how-alibaba-overcame-beijings-crackdown-to-become-an-ai-giant.html,Since the IPO cancelation more than $400 billion has been wiped off Alibaba's value even with a more recent rally.
https://www.cnbc.com/2025/11/24/how-alibaba-overcame-beijings-crackdown-to-become-an-ai-giant.html,In the months after the failed public listing Ma retreated from the public eye and Alibaba China's biggest e-commerce player looked down and out with management and structure changes bearing little fruit .
https://www.cnbc.com/2025/11/24/how-alibaba-overcame-beijings-crackdown-to-become-an-ai-giant.html,The moves were not characteristic of the grit the company had shown in the past and a far cry from its strong position now.
https://www.cnbc.com/2025/11/24/how-alibaba-overcame-beijings-crackdown-to-become-an-ai-giant.html,"But those who know Ma know never to count him out. ""The hallmark of Jack and his personality is that he never gave up "" Brian Wong a former Alibaba executive and author of ""The Tao of Alibaba "" told CNBC."
https://www.cnbc.com/2025/11/24/how-alibaba-overcame-beijings-crackdown-to-become-an-ai-giant.html,"Wong features in my new show ""Built for Billions "" in which I explore Alibaba's most testing moments and delve into how it grew to become one of the world's biggest tech companies and one of the most advanced artificial intelligence players."
https://www.cnbc.com/2025/11/24/how-alibaba-overcame-beijings-crackdown-to-become-an-ai-giant.html,I've been covering tech for more than a decade with much of my focus centering on China.
https://www.cnbc.com/2025/11/24/how-alibaba-overcame-beijings-crackdown-to-become-an-ai-giant.html,I lived in the world's second-largest economy for three years from October 2018 to December 2021 when Alibaba was undergoing this significant shift.
https://www.cnbc.com/2025/11/24/how-alibaba-overcame-beijings-crackdown-to-become-an-ai-giant.html,The company's reach cannot be overstated from its humble beginnings in 1999 as a business to business online marketplace in the early days of the internet.
https://www.cnbc.com/2025/11/24/how-alibaba-overcame-beijings-crackdown-to-become-an-ai-giant.html,Now Alibaba's business touches everything from food delivery to global e-commerce cloud computing and artificial intelligence.
https://www.cnbc.com/2025/11/24/how-alibaba-overcame-beijings-crackdown-to-become-an-ai-giant.html,Nowhere is the company's brand and scale more evident than during Singles Day an annual shopping event pioneered by Alibaba that sees huge discounts and deals across its platforms.
https://www.cnbc.com/2025/11/24/how-alibaba-overcame-beijings-crackdown-to-become-an-ai-giant.html,What was once a single day of discounts has now become a more prolonged event that runs several weeks.
https://www.cnbc.com/2025/11/24/how-alibaba-overcame-beijings-crackdown-to-become-an-ai-giant.html,I have attended Alibaba's Singles Day in both Shanghai — where it featured a huge gala with celebrities and music performances — and at its headquarters in Hangzhou .
https://www.cnbc.com/2025/11/24/how-alibaba-overcame-beijings-crackdown-to-become-an-ai-giant.html,The whole company is mobilized as billions of dollars are transacted across its platforms in a short space of time.
https://www.cnbc.com/2025/11/24/how-alibaba-overcame-beijings-crackdown-to-become-an-ai-giant.html,Those experiences provided a real insight into the scale of the company.
https://www.cnbc.com/2025/11/24/how-alibaba-overcame-beijings-crackdown-to-become-an-ai-giant.html,Alibaba has sometimes been compared to U.S. tech giant Amazon .
https://www.cnbc.com/2025/11/24/how-alibaba-overcame-beijings-crackdown-to-become-an-ai-giant.html,"But it's not an apples-to-apples comparison. ""Alibaba now is seen as a serious player in technology not just an e-commerce company "" Duncan Clark an early advisor to Alibaba and chairman of consultancy firm BDA China told CNBC's ""Built for Billions."" After the Ant Group IPO cancelation Alibaba and indeed all of China's tech sector faced a reckoning."
https://www.cnbc.com/2025/11/24/how-alibaba-overcame-beijings-crackdown-to-become-an-ai-giant.html,Beijing began cracking down on domestic tech firms by tightening regulation.
https://www.cnbc.com/2025/11/24/how-alibaba-overcame-beijings-crackdown-to-become-an-ai-giant.html,One popular view was that Beijing was concerned about the power the country's entrepreneurs were wielding.
https://www.cnbc.com/2025/11/24/how-alibaba-overcame-beijings-crackdown-to-become-an-ai-giant.html,Ma's empire endured tightened regulations and even a nearly $3 billion antitrust fine in 2021 .
https://www.cnbc.com/2025/11/24/how-alibaba-overcame-beijings-crackdown-to-become-an-ai-giant.html,There was a level of soul searching taking place at the company that was now battling a tougher domestic market with a weak consumer and rising challenges from players like PDD and JD.com.
https://www.cnbc.com/2025/11/24/how-alibaba-overcame-beijings-crackdown-to-become-an-ai-giant.html,How could Alibaba reinvigorate growth?
https://www.cnbc.com/2025/11/24/how-alibaba-overcame-beijings-crackdown-to-become-an-ai-giant.html,And was Jack Ma done for good?
https://www.cnbc.com/2025/11/24/how-alibaba-overcame-beijings-crackdown-to-become-an-ai-giant.html,When I left China in 2021 I was struck by how fixated international markets were with Ma.
https://www.cnbc.com/2025/11/24/how-alibaba-overcame-beijings-crackdown-to-become-an-ai-giant.html,It was as if his reappearance served as a sign of Alibaba's standing with the Chinese government.
https://www.cnbc.com/2025/11/24/how-alibaba-overcame-beijings-crackdown-to-become-an-ai-giant.html,For instance Alibaba's stock would jump if Ma was spotted somewhere .
https://www.cnbc.com/2025/11/24/how-alibaba-overcame-beijings-crackdown-to-become-an-ai-giant.html,This overshadowed what was happening in the background.
https://www.cnbc.com/2025/11/24/how-alibaba-overcame-beijings-crackdown-to-become-an-ai-giant.html,Alibaba had undergone one of the biggest restructures in history.
https://www.cnbc.com/2025/11/24/how-alibaba-overcame-beijings-crackdown-to-become-an-ai-giant.html,But it wasn't changing the giant's fortunes.
https://www.cnbc.com/2025/11/24/how-alibaba-overcame-beijings-crackdown-to-become-an-ai-giant.html,Daniel Zhang who had succeeded Ma as CEO and eventually chairman some years prior unexpectedly announced plans to step down in 2023.
https://www.cnbc.com/2025/11/24/how-alibaba-overcame-beijings-crackdown-to-become-an-ai-giant.html,His successors were two well-respected veterans current CEO Eddie Wu and President Joe Tsai .
https://www.cnbc.com/2025/11/24/how-alibaba-overcame-beijings-crackdown-to-become-an-ai-giant.html,They steadied the ship refocused the company on its core e-commerce business while simultaneously investing in AI.
https://www.cnbc.com/2025/11/24/how-alibaba-overcame-beijings-crackdown-to-become-an-ai-giant.html,The results were a sharp improvement in business particularly in more recent quarters .
https://www.cnbc.com/2025/11/24/how-alibaba-overcame-beijings-crackdown-to-become-an-ai-giant.html,Was Ma gone for good?
https://www.cnbc.com/2025/11/24/how-alibaba-overcame-beijings-crackdown-to-become-an-ai-giant.html,"In February Ma was among a handful of entrepreneurs who met with Chinese President Xi Jinping in a rare meeting . ""He's in his early 60s now but he's still pretty vibrant."
https://www.cnbc.com/2025/11/24/how-alibaba-overcame-beijings-crackdown-to-become-an-ai-giant.html,He has homes and yachts and all that stuff.
https://www.cnbc.com/2025/11/24/how-alibaba-overcame-beijings-crackdown-to-become-an-ai-giant.html,"But one senses that he's not done yet "" Clark said."
https://www.cnbc.com/2025/11/24/how-alibaba-overcame-beijings-crackdown-to-become-an-ai-giant.html,Amid the turmoil and revival Alibaba was quietly investing in artificial intelligence behind the scenes.
https://www.cnbc.com/2025/11/24/how-alibaba-overcame-beijings-crackdown-to-become-an-ai-giant.html,"In fact since 2016 it had been a priority. ""Acceleration happened really during ... the covid years 2019 2021 when they really started to build their own foundational models and their own chips "" Mark Greeven professor of management innovation at the International Institute for Management Development told ""Built for Billions."" When OpenAI's ChatGPT hit the world in late 2022 Alibaba was ready just months later with its own AI offering ."
https://www.cnbc.com/2025/11/24/how-alibaba-overcame-beijings-crackdown-to-become-an-ai-giant.html,Alibaba's approach was different to some of its U.S. rivals instead focusing on open source or open weight AI models which are free for developers to download and use.
https://www.cnbc.com/2025/11/24/how-alibaba-overcame-beijings-crackdown-to-become-an-ai-giant.html,The company's models are now among some of the most popular globally for developers to use.
https://www.cnbc.com/2025/11/24/how-alibaba-overcame-beijings-crackdown-to-become-an-ai-giant.html,CEO Wu has cemented Alibaba's commitment to its reinvention as an AI company.
https://www.cnbc.com/2025/11/24/how-alibaba-overcame-beijings-crackdown-to-become-an-ai-giant.html,"In his first letter to employees after taking the reins Wu called for Alibaba to return to the startup mindset and set two strategic priorities: ""user first"" and ""AI-driven."" The focus on AI has benefitted the company's cloud business."
https://www.cnbc.com/2025/11/26/cnbc-china-connection-newsletter-capital-ai-sector-valuations-vc-us-bubble-nvidia-deepseek-chatgpt.html,Sitting in his new Beijing office AI2 Robotics Founder and CEO Eric Guo wistfully reflected on fundraising challenges in China — and noted that U.S.-based humanoid rival Figure recently raised $1 billion in a single round at a $39 billion valuation .
https://www.cnbc.com/2025/11/26/cnbc-china-connection-newsletter-capital-ai-sector-valuations-vc-us-bubble-nvidia-deepseek-chatgpt.html,That's far more than what a Chinese robotics company can typically raise he said .
https://www.cnbc.com/2025/11/26/cnbc-china-connection-newsletter-capital-ai-sector-valuations-vc-us-bubble-nvidia-deepseek-chatgpt.html,That means for instance developing a robotics AI model that uses less than 10% of the parameters required to train Alphabet's RT-2 AI model as laid out in one of Guo's widely cited papers .
https://www.cnbc.com/2025/11/26/cnbc-china-connection-newsletter-capital-ai-sector-valuations-vc-us-bubble-nvidia-deepseek-chatgpt.html,Guo who holds a Ph.D. from Purdue University previously worked at Microsoft smartphone maker Oppo and electric vehicle company Xpeng.
https://www.cnbc.com/2025/11/26/cnbc-china-connection-newsletter-capital-ai-sector-valuations-vc-us-bubble-nvidia-deepseek-chatgpt.html,It mirrors how DeepSeek and other Chinese players have slashed AI costs for users and allowed them to claim AI development budgets far below OpenAI's estimated spending which has exceeded $100 billion .
https://www.cnbc.com/2025/11/26/cnbc-china-connection-newsletter-capital-ai-sector-valuations-vc-us-bubble-nvidia-deepseek-chatgpt.html,That strategy is enough to make AI2 Robotics one of China's hottest investment targets.
https://www.cnbc.com/2025/11/26/cnbc-china-connection-newsletter-capital-ai-sector-valuations-vc-us-bubble-nvidia-deepseek-chatgpt.html,The Shenzhen-based startup hit a $1 billion valuation this fall reaching unicorn status just over two years after launch — thanks to a whopping nine fundraising rounds so far this year according to a person familiar with the matter.
https://www.cnbc.com/2025/11/26/cnbc-china-connection-newsletter-capital-ai-sector-valuations-vc-us-bubble-nvidia-deepseek-chatgpt.html,AI trade has shifted to Alphabet this week following rave reviews of its newest AI model — just weeks after Warren Buffett's Berkshire Hathaway disclosed a rare tech position in the stock.
https://www.cnbc.com/2025/11/26/cnbc-china-connection-newsletter-capital-ai-sector-valuations-vc-us-bubble-nvidia-deepseek-chatgpt.html,Michael Burry known for calling the U.S. housing crash before 2008 was the latest voice to warn of bubble risks in U.S.
https://www.cnbc.com/2025/11/26/cnbc-china-connection-newsletter-capital-ai-sector-valuations-vc-us-bubble-nvidia-deepseek-chatgpt.html,AI names that have powered recent market gains on Monday.
https://www.cnbc.com/2025/11/26/cnbc-china-connection-newsletter-capital-ai-sector-valuations-vc-us-bubble-nvidia-deepseek-chatgpt.html,But whatever's bubbling up in China's tech sector it pales in comparison with the U.S.
https://www.cnbc.com/2025/11/26/cnbc-china-connection-newsletter-capital-ai-sector-valuations-vc-us-bubble-nvidia-deepseek-chatgpt.html,U.S. venture deals in AI and robotics have more than quadrupled since 2023 to exceed $160 billion so far this year according to a CNBC analysis of PitchBook data.
https://www.cnbc.com/2025/11/26/cnbc-china-connection-newsletter-capital-ai-sector-valuations-vc-us-bubble-nvidia-deepseek-chatgpt.html,Comparable deals in China this year are just over $10 billion — only slightly more than the $9.24 billion recorded in 2023 the data showed.
https://www.cnbc.com/2025/11/26/cnbc-china-connection-newsletter-capital-ai-sector-valuations-vc-us-bubble-nvidia-deepseek-chatgpt.html,Bubble risks for Chinese AI firms appear far more contained than in the U.S. said Vincent Lu partner and head of private equity at Australian asset manager Boman Group.
https://www.cnbc.com/2025/11/26/cnbc-china-connection-newsletter-capital-ai-sector-valuations-vc-us-bubble-nvidia-deepseek-chatgpt.html,The Melbourne-based firm oversees AU$910 million ($591.26 million) mostly allocated in Australia and North America and has participated in funding rounds for U.S.-based Anthropic earlier this year and OpenAI last year.
https://www.cnbc.com/2025/11/26/cnbc-china-connection-newsletter-capital-ai-sector-valuations-vc-us-bubble-nvidia-deepseek-chatgpt.html,"Lu was ""so intrigued"" by China's AI and robotics scene that he moved back to Shanghai from Melbourne last year to scout deals and is just starting to get serious about a few."
https://www.cnbc.com/2025/11/26/cnbc-china-connection-newsletter-capital-ai-sector-valuations-vc-us-bubble-nvidia-deepseek-chatgpt.html,Chinese companies' AI valuations are about one-quarter of their American peers while benefiting from lower research and development costs he added.
https://www.cnbc.com/2025/11/26/cnbc-china-connection-newsletter-capital-ai-sector-valuations-vc-us-bubble-nvidia-deepseek-chatgpt.html,Boman's Lu was just one of many investors at the AVCJ forum in Hong Kong last week who told CNBC how excited they were about how cheaply priced Chinese AI startups are compared to those in the U.S.
https://www.cnbc.com/2025/11/26/cnbc-china-connection-newsletter-capital-ai-sector-valuations-vc-us-bubble-nvidia-deepseek-chatgpt.html,It marks an ongoing recovery in foreign investor interest in China following Beijing's crackdown on large internet tech companies in recent years coupled with Washington's scrutiny of China-related investments.
https://www.cnbc.com/2025/11/26/cnbc-china-connection-newsletter-capital-ai-sector-valuations-vc-us-bubble-nvidia-deepseek-chatgpt.html,This month alone at least three China-based funds with an AI focus have raised capital denominated in U.S. dollars from overseas investors: Venture firms raise capital from outside investors known as limited partners earning annual fees as they put that money to work in startups.
https://www.cnbc.com/2025/11/26/cnbc-china-connection-newsletter-capital-ai-sector-valuations-vc-us-bubble-nvidia-deepseek-chatgpt.html,"Once the startups go public or are sold at higher valuations the VC firms can ""exit"" and share the returns with their limited partners."
https://www.cnbc.com/2025/11/26/cnbc-china-connection-newsletter-capital-ai-sector-valuations-vc-us-bubble-nvidia-deepseek-chatgpt.html,The momentum is building even if the numbers don't look big yet.
https://www.cnbc.com/2025/11/26/cnbc-china-connection-newsletter-capital-ai-sector-valuations-vc-us-bubble-nvidia-deepseek-chatgpt.html,Monolith claimed investors sought to commit more than $600 million to its latest fundraising round but it kept the original cap of $488 million.
https://www.cnbc.com/2025/11/26/cnbc-china-connection-newsletter-capital-ai-sector-valuations-vc-us-bubble-nvidia-deepseek-chatgpt.html,"Funds of this size would have been ""inconceivable"" just a year ago said Johnny Zou co-head of Primavera Venture Partners adding that American investor sentiment toward China is seeing a ""clear recovery "" helped by relatively visible exit paths."
https://www.cnbc.com/2025/11/26/cnbc-china-connection-newsletter-capital-ai-sector-valuations-vc-us-bubble-nvidia-deepseek-chatgpt.html,While Chinese companies have yet to resume IPOs in the U.S. they have flocked to Hong Kong turning its stock exchange into the world's largest listing destination this year.
https://www.cnbc.com/2025/11/26/cnbc-china-connection-newsletter-capital-ai-sector-valuations-vc-us-bubble-nvidia-deepseek-chatgpt.html,Even so stock investors are relatively more cautious on China than the U.S.
https://www.cnbc.com/2025/11/26/cnbc-china-connection-newsletter-capital-ai-sector-valuations-vc-us-bubble-nvidia-deepseek-chatgpt.html,The Hang Seng Index which includes AI heavyweights Alibaba and Tencent is up nearly 30% so far this year but trades at a modest 13.61 price-to-earnings ratio according to FactSet data.
https://www.cnbc.com/2025/11/26/cnbc-china-connection-newsletter-capital-ai-sector-valuations-vc-us-bubble-nvidia-deepseek-chatgpt.html,The Nasdaq Composite in contrast trades at a 33.8 ratio with the index up almost 20% so far this year.
https://www.cnbc.com/2025/11/26/cnbc-china-connection-newsletter-capital-ai-sector-valuations-vc-us-bubble-nvidia-deepseek-chatgpt.html,Young Liu chairman of Hon Hai Technology Group compared talk of an AI bubble to a dot-com bubble and said that the world's top technology companies will ultimately be AI-related.
https://www.cnbc.com/2025/11/26/cnbc-china-connection-newsletter-capital-ai-sector-valuations-vc-us-bubble-nvidia-deepseek-chatgpt.html,EQT Asia Chairman Jean Eric Salata and CEO Per Franzen discussed the firm's focus in Asia outlining the strategies it is pursuing in the region.
https://www.cnbc.com/2025/11/26/cnbc-china-connection-newsletter-capital-ai-sector-valuations-vc-us-bubble-nvidia-deepseek-chatgpt.html,Joey Wat CEO of Yum China said the company plans to accelerate store openings in China and that the country's urbanization is not complete yet.
https://www.cnbc.com/2025/11/26/cnbc-china-connection-newsletter-capital-ai-sector-valuations-vc-us-bubble-nvidia-deepseek-chatgpt.html,The U.S. and Chinese presidents on Monday night signaled that a one-year trade truce is intact just as tensions flare between Beijing and Tokyo over Taiwan .
https://www.cnbc.com/2025/11/26/cnbc-china-connection-newsletter-capital-ai-sector-valuations-vc-us-bubble-nvidia-deepseek-chatgpt.html,At least two performances in Beijing were abruptly canceled last week amid China's expanding pushback against Japan's high-profile Taiwan comments.
https://www.cnbc.com/2025/11/26/cnbc-china-connection-newsletter-capital-ai-sector-valuations-vc-us-bubble-nvidia-deepseek-chatgpt.html,Alibaba AI app downloads surge.
https://www.cnbc.com/2025/11/26/cnbc-china-connection-newsletter-capital-ai-sector-valuations-vc-us-bubble-nvidia-deepseek-chatgpt.html,The company's new Qwen app reported more than 10 million downloads in a week as its AI pivot gains momentum.
https://www.cnbc.com/2025/11/26/cnbc-china-connection-newsletter-capital-ai-sector-valuations-vc-us-bubble-nvidia-deepseek-chatgpt.html,I think the U.S. [AI] bottleneck probably is electricity but in China the bottleneck is GPUs. ...
https://www.cnbc.com/2025/11/26/cnbc-china-connection-newsletter-capital-ai-sector-valuations-vc-us-bubble-nvidia-deepseek-chatgpt.html,I don't think that there's [much] discussion about the bubble here. — Shawn Yang analyst Arete Research China's CSI 300 rose 0.74% as of 2:30 pm local time Wednesday.
https://www.cnbc.com/2025/11/26/cnbc-china-connection-newsletter-capital-ai-sector-valuations-vc-us-bubble-nvidia-deepseek-chatgpt.html,The index is set to snap a two-week losing streak gaining 1.53% so far this week.
https://www.cnbc.com/2025/11/26/cnbc-china-connection-newsletter-capital-ai-sector-valuations-vc-us-bubble-nvidia-deepseek-chatgpt.html,The benchmark has risen 14.9% so far this year.
https://www.cnbc.com/2025/11/26/cnbc-china-connection-newsletter-capital-ai-sector-valuations-vc-us-bubble-nvidia-deepseek-chatgpt.html,Hong Kong's Hang Seng Index climbed 0.25% and is up 2.9% for the week recovering from last week's decline amid a global tech sell-off.
https://www.cnbc.com/2025/11/26/cnbc-china-connection-newsletter-capital-ai-sector-valuations-vc-us-bubble-nvidia-deepseek-chatgpt.html,The main stock gauge is up 29.4% year to date.
https://www.cnbc.com/2025/11/26/cnbc-china-connection-newsletter-capital-ai-sector-valuations-vc-us-bubble-nvidia-deepseek-chatgpt.html,The offshore yuan last traded at 7.077 against the dollar its strongest level since October 2024.
https://www.cnbc.com/2025/11/26/cnbc-china-connection-newsletter-capital-ai-sector-valuations-vc-us-bubble-nvidia-deepseek-chatgpt.html,More In The China Connection watch now watch now VIDEO 06:54 Humanoid robot orders could explode in 2026: Goldman Sachs watch now watch now VIDEO 05:30 China’s suspicion of U.S. tech: Analyst says Nvidia has only a short window to sell its chips Chinese giants rush to pledge millions after Hong Kong’s deadliest fire since 1948 kills 94 Anniek Bao Read More
https://www.cnbc.com/2025/11/24/novo-nordisk-shares-plunge-after-alzheimers-drug-trial-fails-to-hit-key-target.html,Shares of Novo Nordisk on Monday fell to a four-year low after the Danish pharmaceutical company said a highly anticipated trial for Alzheimer's disease failed to meet its main goal.
https://www.cnbc.com/2025/11/24/novo-nordisk-shares-plunge-after-alzheimers-drug-trial-fails-to-hit-key-target.html,While treatment with semaglutide resulted in improvement of Alzheimer's disease-related biomarkers in two separate trials this did not translate into a delay of disease progression Novo said in a statement Monday.
https://www.cnbc.com/2025/11/24/novo-nordisk-shares-plunge-after-alzheimers-drug-trial-fails-to-hit-key-target.html,The goal had been to slow patients' cognitive decline by at least 20%.
https://www.cnbc.com/2025/11/24/novo-nordisk-shares-plunge-after-alzheimers-drug-trial-fails-to-hit-key-target.html,Novo stock was down 10% to 274 Danish kroner ($42.33) in afternoon trade its lowest level since mid-2021.
https://www.cnbc.com/2025/11/24/novo-nordisk-shares-plunge-after-alzheimers-drug-trial-fails-to-hit-key-target.html,The shares later regained some ground to preliminarily close the session 5.8% lower.
https://www.cnbc.com/2025/11/24/novo-nordisk-shares-plunge-after-alzheimers-drug-trial-fails-to-hit-key-target.html,"Analysts had prior to the results called the trial a long shot whereas Novo itself had referred to it as a ""lottery ticket."" ""Based on the significant unmet need in Alzheimer's disease as well as a number of indicative data points we felt we had a responsibility to explore semaglutide's potential despite a low likelihood of success "" said Novo's chief scientific officer Martin Holst Lange."
https://www.cnbc.com/2025/11/24/novo-nordisk-shares-plunge-after-alzheimers-drug-trial-fails-to-hit-key-target.html,The trial results are a setback for Novo investors that had hoped that it might reignite the company's battered share price.
https://www.cnbc.com/2025/11/24/novo-nordisk-shares-plunge-after-alzheimers-drug-trial-fails-to-hit-key-target.html,"Even before the Monday readout Novo stock had halved year to date amid a series of guidance cuts and heighted competition especially in the key U.S. market. ""While hopes were not high for a positive readout potential success had perhaps kept some in the name with this result removing a near-term upside scenario "" wrote Jefferies analysts on Monday."
https://www.cnbc.com/2025/11/24/novo-nordisk-shares-plunge-after-alzheimers-drug-trial-fails-to-hit-key-target.html,Alzheimer's disease the most common form of dementia is notoriously difficult to treat.
https://www.cnbc.com/2025/11/24/novo-nordisk-shares-plunge-after-alzheimers-drug-trial-fails-to-hit-key-target.html,It is also expected to affect an increasing proportion of people worldwide as populations grow older.
https://www.cnbc.com/2025/11/24/novo-nordisk-shares-plunge-after-alzheimers-drug-trial-fails-to-hit-key-target.html,Current treatments such as Eli Lilly's Kisunla and Biogen/Eisai's Leqembi have been shown to slow down the progression of the disease by up to a third but come with the risk of severe side effects.
https://www.cnbc.com/2025/11/24/novo-nordisk-shares-plunge-after-alzheimers-drug-trial-fails-to-hit-key-target.html,Shares of Eli Lilly traded nearly 0.8% higher Monday at the closing bell in London while Biogen stock rose 2.6%.
https://www.cnbc.com/2025/11/24/novo-nordisk-shares-plunge-after-alzheimers-drug-trial-fails-to-hit-key-target.html,Novo's decision to test Rybelsus an oral form of semaglutide had been largely based on real-world evidence suggesting a correlation between Alzheimer's and taking semaglutide.
https://www.cnbc.com/2025/11/24/novo-nordisk-shares-plunge-after-alzheimers-drug-trial-fails-to-hit-key-target.html,The drug works in a similar way to Lilly's rival medicines Mounjaro and Zepbound by mimicking the gut hormone GLP-1 that naturally occurs in the body to regulate blood sugar levels and enhance feelings of fullness.
https://www.cnbc.com/2025/11/24/novo-nordisk-shares-plunge-after-alzheimers-drug-trial-fails-to-hit-key-target.html,It's not yet clear how GLP-1s might benefit Alzheimer's patients but the theory is that it targets the neuroinflammation thought to impact them.
https://www.cnbc.com/2025/11/24/novo-nordisk-shares-plunge-after-alzheimers-drug-trial-fails-to-hit-key-target.html,Top-line results will be presented at the Clinical Trials on Alzheimer's Disease conference on Dec. 3 with full results at the 2026 Alzheimer's and Parkinson's Diseases Conference in March Novo said.
https://www.cnbc.com/2025/11/24/novo-nordisk-shares-plunge-after-alzheimers-drug-trial-fails-to-hit-key-target.html,While shares of Novo Nordisk have plunged over the past 18 months rival Eli Lilly only last week became the first pharmaceutical company with a market capitalization of $1 trillion.
https://www.cnbc.com/2025/11/24/novo-nordisk-shares-plunge-after-alzheimers-drug-trial-fails-to-hit-key-target.html,Even as Ozempic hit the market four years before Mounjaro Novo's head start hasn't prevented Lilly from quickly grabbing a bigger market share in the U.S.
https://www.cnbc.com/2025/11/24/novo-nordisk-shares-plunge-after-alzheimers-drug-trial-fails-to-hit-key-target.html,This year Novo has cut its guidance several times blaming so-called compounders which sell copycat versions of semaglutide for a cheaper price.
https://www.cnbc.com/2025/11/24/novo-nordisk-shares-plunge-after-alzheimers-drug-trial-fails-to-hit-key-target.html,Novo recently replaced its chairman and half its board members over a disagreement between the former board and Novo's controlling shareholder the Novo Nordisk Foundation about the scope and pace of change needed.
https://www.cnbc.com/2025/11/24/novo-nordisk-shares-plunge-after-alzheimers-drug-trial-fails-to-hit-key-target.html,It came just months after former CEO Lars Fruergaard Jørgensen was booted after an eight-year reign due to the stock decline.
https://www.cnbc.com/2025/11/24/novo-nordisk-shares-plunge-after-alzheimers-drug-trial-fails-to-hit-key-target.html,"The former board was ""too slow in recognizing the significance of the market changes in the United States "" new Chair Lars Rebien Sørensen said at the time."
https://www.cnbc.com/2025/11/24/novo-nordisk-shares-plunge-after-alzheimers-drug-trial-fails-to-hit-key-target.html,New CEO Mike Doustdar who previously headed Novo's ex-U.S. operations quickly set out to refocus the company's commercial priorities to its core obesity and diabetes businesses and to cut more than 10% of its global workforce.
https://seekingalpha.com/article/4846972-xp-stock-remains-attractive-despite-qualitative-concerns,XP Inc. ( XP ) presented 3Q25 results following similar trends to what we had analyzed in previous quarters .
https://seekingalpha.com/article/4846972-xp-stock-remains-attractive-despite-qualitative-concerns,Cayman Islands XP Remains Attractive Despite Qualitative Concerns Nov. 23 2025 10:07 PM ET XP Inc. (XP) Stock XP Quipus Capital 1.68K Follower s Follow 5 Share Save Play ( 9min ) Comments Summary XP delivered 3Q25 results showing stalled growth in retail flat wholesale and investment banking leading performance.
https://seekingalpha.com/article/4846972-xp-stock-remains-attractive-despite-qualitative-concerns,XP is shifting from a transaction-based to a fee-based advisory model aiming for healthier client-advisor alignment and internal advisor expansion.
https://seekingalpha.com/article/4846972-xp-stock-remains-attractive-despite-qualitative-concerns,Despite slow revenue growth and margin pressures XP continues significant capital returns via buybacks and dividends supported by a strong capital position.
https://seekingalpha.com/article/4846972-xp-stock-remains-attractive-despite-qualitative-concerns,XP remains attractively valued at under 10x earnings with potential upside if Brazil's interest rate cycle reverses but faces operational and macro risks. gorodenkoff/iStock via Getty Images XP Inc. ( XP ) presented 3Q25 results following similar trends to what we had analyzed in previous quarters .
https://seekingalpha.com/article/4846972-xp-stock-remains-attractive-despite-qualitative-concerns,Growth is stalling with retail not growing in core product lines (equities and now even fixed income) wholesale flat and corporate services (investment banking) taking the lead in the This article was written by Quipus Capital 1.68K Follower s Follow Long-only investment evaluating companies from an operational buy-and-hold perspective.Quipus Capital does not focus on market-driven dynamics and future price action.
https://seekingalpha.com/article/4846972-xp-stock-remains-attractive-despite-qualitative-concerns,Instead our articles focus on operational aspects understanding the long-term earnings power of companies the competitive dynamics of the industries where they participate and buying companies that we would like to hold independently of how the price moves in the future.
https://seekingalpha.com/article/4846972-xp-stock-remains-attractive-despite-qualitative-concerns,Most QC calls will be holds and that is by design.
https://seekingalpha.com/article/4846972-xp-stock-remains-attractive-despite-qualitative-concerns,Only a very small fraction of companies should be a buy at any point in time.
https://seekingalpha.com/article/4846972-xp-stock-remains-attractive-despite-qualitative-concerns,"However hold articles provide important information for future investors and a healthy dose of skepticism to a relatively bullish-biased market.Disclaimer: All of the author's articles are written on an ""as is"" basis and without warranty."
https://seekingalpha.com/article/4846972-xp-stock-remains-attractive-despite-qualitative-concerns,They represent the author's opinion only and in no way constitute professional investment advice.
https://seekingalpha.com/article/4846972-xp-stock-remains-attractive-despite-qualitative-concerns,It is the responsibility of the reader to conduct their due diligence and seek investment advice from a licensed professional before making any investment decisions.
https://seekingalpha.com/article/4846972-xp-stock-remains-attractive-despite-qualitative-concerns,The author disclaims all liability for any actions taken based on the information contained in any articles published.
https://seekingalpha.com/article/4846972-xp-stock-remains-attractive-despite-qualitative-concerns,Like Share Comments Recommended For You Cayman Islands XP Remains Attractive Despite Qualitative Concerns Nov. 23 2025 10:07 PM ET XP Inc. (XP) Stock XP Quipus Capital 1.68K Follower s Follow 5 Share Save Play ( 9min ) Comments Summary XP delivered 3Q25 results showing stalled growth in retail flat wholesale and investment banking leading performance.
https://www.cnbc.com/2025/11/27/sec-investigates-jefferies-over-first-brands-collapse-report-says.html,Securities and Exchange Commission is investigating Jefferies' relationship into bankrupt auto parts maker First Brands Group The Financial Times reported Thursday.
https://www.cnbc.com/2025/11/27/sec-investigates-jefferies-over-first-brands-collapse-report-says.html,The newspaper citing people with knowledge of the matter said the regulator is looking into whether Jefferies gave investors enough information on its Point Bonita fund's exposure to the failed auto business.
https://www.cnbc.com/2025/11/27/sec-investigates-jefferies-over-first-brands-collapse-report-says.html,The inquiry into internal controls and potential conflicts within the bank is at an early stage the report said.
https://www.cnbc.com/2025/11/27/sec-investigates-jefferies-over-first-brands-collapse-report-says.html,It's not clear whether it will result in any allegations of wrongdoing.
https://www.cnbc.com/2025/11/27/sec-investigates-jefferies-over-first-brands-collapse-report-says.html,Jefferies came under pressure last month after its exposure to First Brands — which collapsed under a series of complex debt agreements — raised fears of other bad loans on Wall Street.
https://www.cnbc.com/2025/11/27/sec-investigates-jefferies-over-first-brands-collapse-report-says.html,Shares of Jefferies are down more than 12% this quarter and 27% this year.
https://www.cnbc.com/2025/11/27/sec-investigates-jefferies-over-first-brands-collapse-report-says.html,"When asked for comment an SEC spokesperson said the agency ""does not comment on the existence or nonexistence of a possible investigation."" Jefferies did not respond to CNBC's request for comment."
https://www.cnbc.com/2025/11/25/cnbc-daily-open-alphabet-to-omega-in-ai.html,The Nasdaq Composite popped 2.69% its best day since May 12 on investors enthusiasm over Alphabet.
https://www.cnbc.com/2025/11/25/cnbc-daily-open-alphabet-to-omega-in-ai.html,Asia-Pacific markets were mostly Tuesday as AI-related stocks ticked up.
https://www.cnbc.com/2025/11/25/cnbc-daily-open-alphabet-to-omega-in-ai.html,Record outflows from BlackRock's bitcoin ETF.
https://www.cnbc.com/2025/11/25/cnbc-daily-open-alphabet-to-omega-in-ai.html,The iShares Bitcoin Trust ETF has seen an exodus of $2.2 billion this month as of Monday stateside according to FactSet data.
https://www.cnbc.com/2025/11/25/cnbc-daily-open-alphabet-to-omega-in-ai.html,That's almost eight times more in losses than last October or its second-worst month on record.
https://www.cnbc.com/2025/11/25/cnbc-daily-open-alphabet-to-omega-in-ai.html,Sandisk joins the S&P 500.
https://www.cnbc.com/2025/11/25/cnbc-daily-open-alphabet-to-omega-in-ai.html,The flash storage vendor will replace marketing company Interpublic Group in the index before trading begins on Nov. 28 stateside.
https://www.cnbc.com/2025/11/25/cnbc-daily-open-alphabet-to-omega-in-ai.html,Shares of Sandisk jumped 7% in extended trading on Monday.
https://www.cnbc.com/2025/11/25/cnbc-daily-open-alphabet-to-omega-in-ai.html,Trump has back-to-back calls with Xi and Takaichi.
https://www.cnbc.com/2025/11/25/cnbc-daily-open-alphabet-to-omega-in-ai.html,But the Beijing-Tokyo spat is unlikely to be resolved soon .
https://www.cnbc.com/2025/11/25/cnbc-daily-open-alphabet-to-omega-in-ai.html,President Donald Trump has stayed publicly silent adding uncertainty for Japan and Taiwan at a tense moment. [PRO] The S&P 500's dividend yield is looking dismal.
https://www.cnbc.com/2025/11/25/cnbc-daily-open-alphabet-to-omega-in-ai.html,India’s IPO market is booming.
https://www.cnbc.com/2025/11/25/cnbc-daily-open-alphabet-to-omega-in-ai.html,And it’s luring global companies to list local units Even as foreign investors remain net sellers of Indian equities this year global companies are rushing to list their local business units in one of the world's busiest IPO markets lured by a valuation premium.
https://www.cnbc.com/2025/11/25/cnbc-daily-open-alphabet-to-omega-in-ai.html,Coca-Cola's Indian bottling unit is reportedly weighing a billion-dollar float next year.
https://www.cnbc.com/2025/11/24/michael-burry-launches-newsletter-to-lay-out-his-ai-bubble-views-after-deregistering-hedge-fund.html,"In announcing the launch Burry referenced the parallels between the late 1990s tech mania and today's rush into AI and how the bubbles have been ignored by policymakers in his view. "" Feb 21 2000: SF Chronicle says I'm short Amazon."
https://www.cnbc.com/2025/11/24/michael-burry-launches-newsletter-to-lay-out-his-ai-bubble-views-after-deregistering-hedge-fund.html,Greenspan 2005: 'bubble in home prices … does not appear likely.' [Fed Chair Jerome] Powell '25: 'AI companies actually… are profitable… it's a different thing. 'I doubted if I ever should come back.
https://www.cnbc.com/2025/11/24/michael-burry-launches-newsletter-to-lay-out-his-ai-bubble-views-after-deregistering-hedge-fund.html,"Please join me "" Burry wrote in a post Sunday night on X."
https://www.cnbc.com/2025/11/24/michael-burry-launches-newsletter-to-lay-out-his-ai-bubble-views-after-deregistering-hedge-fund.html,"He highlighted then-Fed Chair Alan Greenspan's 2005 insistence that U.S. housing prices showed no signs of a bubble just two years before the subprime implosion validated Burry's famous ""Big Short."" And now he contends history is rhyming again."
https://www.cnbc.com/2025/11/24/michael-burry-launches-newsletter-to-lay-out-his-ai-bubble-views-after-deregistering-hedge-fund.html,Like the dot-com era investors are extrapolating exponential growth dismissing profitability concerns and funding massive capital expenditures on the assumption that the technology will rewrite the economy he believes.
https://www.cnbc.com/2025/11/24/michael-burry-launches-newsletter-to-lay-out-his-ai-bubble-views-after-deregistering-hedge-fund.html,"The investor noted Powell has waved off bubble fears saying AI companies are ""actually profitable"" and ""a different thing"" from past booms. ""This is different in the sense that these companies the companies that are so highly valued actually have earnings and stuff like that "" Powell said during a news conference in October."
https://www.cnbc.com/2025/11/24/michael-burry-launches-newsletter-to-lay-out-his-ai-bubble-views-after-deregistering-hedge-fund.html,Burry took it as an eerie echo of the assurances offered by Greenspan two decades ago.
https://www.cnbc.com/2025/11/24/michael-burry-launches-newsletter-to-lay-out-his-ai-bubble-views-after-deregistering-hedge-fund.html,At the height of the dot-com boom Burry was publicly short Amazon.
https://www.cnbc.com/2025/11/24/michael-burry-launches-newsletter-to-lay-out-his-ai-bubble-views-after-deregistering-hedge-fund.html,Today he has been openly bearish on the poster children of the AI boom Nvidia and Palantir .
https://www.cnbc.com/2025/11/26/cnbc-daily-open-nvidias-crown-looks-increasingly-uneasy-on-its-head.html,Shares of artificial intelligence czar Nvidia fell 2.6% on Tuesday as signs of unrest continued rippling through its kingdom.
https://www.cnbc.com/2025/11/26/cnbc-daily-open-nvidias-crown-looks-increasingly-uneasy-on-its-head.html,"Over the month Nvidia has been contending with concerns over lofty valuations and an argument from the ""The Big Short"" investor Michael Burry that companies may be overestimating the lifespan of Nvidia's chips."
https://www.cnbc.com/2025/11/26/cnbc-daily-open-nvidias-crown-looks-increasingly-uneasy-on-its-head.html,That accounting choice inflates profits he alleged.
https://www.cnbc.com/2025/11/26/cnbc-daily-open-nvidias-crown-looks-increasingly-uneasy-on-its-head.html,The pressure intensified last week in the form of a potential challenger to the crown.
https://www.cnbc.com/2025/11/26/cnbc-daily-open-nvidias-crown-looks-increasingly-uneasy-on-its-head.html,Google on Nov. 18 announced the release of its new AI model Gemini 3 — so far so good given that Nvidia isn't in the business of designing large language models — powered by its in-house AI chips — uh - oh.
https://www.cnbc.com/2025/11/26/cnbc-daily-open-nvidias-crown-looks-increasingly-uneasy-on-its-head.html,And on Monday stateside Meta a potential kingmaker appeared to signal that it is considering not just leasing Google's custom AI chips but also using them for its own data centers.
https://www.cnbc.com/2025/11/26/cnbc-daily-open-nvidias-crown-looks-increasingly-uneasy-on-its-head.html,It seemed like Nvidia felt the need to address some of those rumblings.
https://www.cnbc.com/2025/11/26/cnbc-daily-open-nvidias-crown-looks-increasingly-uneasy-on-its-head.html,The chipmaker said on the social media platform X that its technology is more powerful and versatile than other types of AI chips including the so-called ASIC chips such as Google's TPUs.
https://www.cnbc.com/2025/11/26/cnbc-daily-open-nvidias-crown-looks-increasingly-uneasy-on-its-head.html,Separately Nvidia issued a private memo to Wall Street that disputed Burry's allegations.
https://www.cnbc.com/2025/11/26/cnbc-daily-open-nvidias-crown-looks-increasingly-uneasy-on-its-head.html,Power whether in politics or semiconductors requires a delicate balance.
https://www.cnbc.com/2025/11/26/cnbc-daily-open-nvidias-crown-looks-increasingly-uneasy-on-its-head.html,Remaining silent may shroud those in power in a cloak of untouchability projecting confidence in their authority — but also aloofness.
https://www.cnbc.com/2025/11/26/cnbc-daily-open-nvidias-crown-looks-increasingly-uneasy-on-its-head.html,Deigning to address unrest can soothe uncertainty but also paradoxically signal insecurity.
https://www.cnbc.com/2025/11/26/cnbc-daily-open-nvidias-crown-looks-increasingly-uneasy-on-its-head.html,For now the crown is Nvidia's to wear — and the weight of it is too.
https://www.cnbc.com/2025/11/26/cnbc-daily-open-nvidias-crown-looks-increasingly-uneasy-on-its-head.html,U.S. stocks advanced on Tuesday.
https://www.cnbc.com/2025/11/26/cnbc-daily-open-nvidias-crown-looks-increasingly-uneasy-on-its-head.html,Major indexes had their third straight winning session erasing earlier intraday losses.
https://www.cnbc.com/2025/11/26/cnbc-daily-open-nvidias-crown-looks-increasingly-uneasy-on-its-head.html,Europe's Stoxx 600 climbed 0.91% with regional defense stocks rebounding past sessions' losses.
https://www.cnbc.com/2025/11/26/cnbc-daily-open-nvidias-crown-looks-increasingly-uneasy-on-its-head.html,Meta is looking to use Google AI chips.
https://www.cnbc.com/2025/11/26/cnbc-daily-open-nvidias-crown-looks-increasingly-uneasy-on-its-head.html,That's according to a Monday report by The Information.
https://www.cnbc.com/2025/11/26/cnbc-daily-open-nvidias-crown-looks-increasingly-uneasy-on-its-head.html,"Nvidia on Tuesday wrote on X that its chips are "" a generation ahead of the industry."" The chipmaker also sent analysts a memo on alleged bubble claims ."
https://www.cnbc.com/2025/11/26/cnbc-daily-open-nvidias-crown-looks-increasingly-uneasy-on-its-head.html,Downbeat statistics on U.S. economy.
https://www.cnbc.com/2025/11/26/cnbc-daily-open-nvidias-crown-looks-increasingly-uneasy-on-its-head.html,Private companies shed an average of 13 500 jobs per week over the past four weeks according to payroll processing firm ADP on Tuesday.
https://www.cnbc.com/2025/11/26/cnbc-daily-open-nvidias-crown-looks-increasingly-uneasy-on-its-head.html,Little wonder U.S. consumer confidence in November fell to the lowest since April.
https://www.cnbc.com/2025/11/26/cnbc-daily-open-nvidias-crown-looks-increasingly-uneasy-on-its-head.html,Ukraine peace plan moving ahead Trump says.
https://www.cnbc.com/2025/11/26/cnbc-daily-open-nvidias-crown-looks-increasingly-uneasy-on-its-head.html,Ukrainian President Volodymyr Zelenskyy said Kyiv was willing to advance with the U.S.-backed framework Reuters reported but some key details remain unresolved.
https://www.cnbc.com/2025/11/26/cnbc-daily-open-nvidias-crown-looks-increasingly-uneasy-on-its-head.html,It's also unclear if Russia will accede to the plan . [PRO] Top picks in India's defense sector.
https://www.cnbc.com/2025/11/26/cnbc-daily-open-nvidias-crown-looks-increasingly-uneasy-on-its-head.html,The country is looking to double its military production to 3 trillion rupees (about $33 billion) and raise defense exports to 500 billion rupees by 2029.
https://www.cnbc.com/2025/11/26/cnbc-daily-open-nvidias-crown-looks-increasingly-uneasy-on-its-head.html,Analysts think these defense firms stand to gain from India's plans.
https://www.cnbc.com/2025/11/26/cnbc-daily-open-nvidias-crown-looks-increasingly-uneasy-on-its-head.html,The UK's Autumn Budget is coming The run-up to this year's U.K.
https://www.cnbc.com/2025/11/26/cnbc-daily-open-nvidias-crown-looks-increasingly-uneasy-on-its-head.html,Autumn Budget has been different from the norm because so many different tax proposals have been floated flagged leaked and retracted in the weeks and months leading up to Wednesday's statement.
https://www.cnbc.com/2025/11/26/cnbc-daily-open-nvidias-crown-looks-increasingly-uneasy-on-its-head.html,It has also made it harder to gauge what we're actually going to get when Finance Minister Rachel Reeves finally unveils her spending and taxation plans for the year ahead.
https://www.cnbc.com/2025/11/25/cramer-nvidia-selloff-misguided.html,Monday - Friday 6:00 - 7:00 PM ET CNBC's Jim Cramer said Tuesday that investors obsessed with the selloff in Nvidia and other AI companies are approaching the market with the wrong mindset.
https://www.cnbc.com/2025/11/25/cramer-nvidia-selloff-misguided.html,"In his view owning artificial intelligence stocks requires conviction — and if you don't have it there's a whole world of safer slower-growth names to choose from. ""You either believe in artificial intelligence or you should just stay away "" Cramer said."
https://www.cnbc.com/2025/11/25/cramer-nvidia-selloff-misguided.html,Cramer said that too many investors treat markets as a zero-sum fear game: they buy only after stocks rally and sell the moment they fall.
https://www.cnbc.com/2025/11/25/cramer-nvidia-selloff-misguided.html,He says the people who've missed out on huge gains over the past decade are the ones who couldn't tolerate weakness or trust the companies they owned.
https://www.cnbc.com/2025/11/25/cramer-nvidia-selloff-misguided.html,That philosophy underpins his long-running support for the Magnificent Seven — Alphabet Amazon Apple Meta Microsoft Nvidia and Tesla .
https://www.cnbc.com/2025/11/25/cramer-nvidia-selloff-misguided.html,Cramer said the companies earned their trillion-dollar valuations through consistent execution enormous profits and the ability to adapt when their core businesses face pressure.
https://www.cnbc.com/2025/11/25/cramer-nvidia-selloff-misguided.html,He pointed to Tesla as a prime example: when electric-vehicle competition intensified and profits were squeezed the company didn't change but investor perception did.
https://www.cnbc.com/2025/11/25/cramer-nvidia-selloff-misguided.html,Shares rebounded from steep declines after the narrative shifted toward self-driving technology and robotics.
https://www.cnbc.com/2025/11/25/cramer-nvidia-selloff-misguided.html,Nvidia is now facing a similar moment of doubt.
https://www.cnbc.com/2025/11/25/cramer-nvidia-selloff-misguided.html,Shares have been hit hard by concerns that Alphabet is relying more on its own AI chips developed with Broadcom instead of Nvidia's flagship processors.
https://www.cnbc.com/2025/11/25/cramer-nvidia-selloff-misguided.html,Reports that Meta may also purchase Google-designed chips added to the pressure.
https://www.cnbc.com/2025/11/25/cramer-nvidia-selloff-misguided.html,Those developments came on the heels of a strong Nvidia earnings report that nonetheless sent the stock tumbling into the mid-$180s with further declines after the Meta news.
https://www.cnbc.com/2025/11/25/cramer-nvidia-selloff-misguided.html,"Cramer acknowledged that the concerns are real but argued that selling Nvidia now would repeat the same mistake he made with Alphabet which he exited before the stock doubled. ""If you don't like Nvidia you don't have to own it."
https://www.cnbc.com/2025/11/25/cramer-nvidia-selloff-misguided.html,"Nobody's putting a gun to your head "" Cramer said. ""Don't let the door hit you on the way out."" Click here to download Jim Cramer's Guide to Investing at no cost to help you build long-term wealth and invest smarter."
https://www.cnbc.com/2025/11/25/cramer-nvidia-selloff-misguided.html,Call Cramer: 1-800-743-CNBC Want to take a deep dive into Cramer's world?
https://www.cnbc.com/2025/11/25/aca-subsidy-cliff-work-disincentive.html,"An impending ""cliff"" in federal health insurance subsidies may discourage some people from working so that they can save thousands of dollars on annual insurance premiums according to policy experts and financial planners."
https://www.cnbc.com/2025/11/25/aca-subsidy-cliff-work-disincentive.html,Enhanced subsidies for health plans bought on the Affordable Care Act marketplace are set to expire at the end of 2025 the policy issue at the heart of the recent government shutdown.
https://www.cnbc.com/2025/11/25/aca-subsidy-cliff-work-disincentive.html,The federal aid also known as enhanced premium tax credits reduces recipients' out-of-pocket premiums either upfront or in a lump sum at tax time.
https://www.cnbc.com/2025/11/25/aca-subsidy-cliff-work-disincentive.html,About 22 million Americans — roughly 92% of people who buy insurance on the ACA marketplace — currently receive those enhanced subsidies.
https://www.cnbc.com/2025/11/25/aca-subsidy-cliff-work-disincentive.html,Recipients are expected to see their annual health premiums more than double on average next year if the benefit is not renewed.
https://www.cnbc.com/2025/11/25/aca-subsidy-cliff-work-disincentive.html,Households whose earnings exceed a certain threshold — 400% of the federal poverty line — are most exposed according to policy experts.
https://www.cnbc.com/2025/11/25/aca-subsidy-cliff-work-disincentive.html,They'd lose all access to subsidies meaning they'd pay the full unsubsidized insurance premium for an ACA health plan.
https://www.cnbc.com/2025/11/25/aca-subsidy-cliff-work-disincentive.html,This is the so-called subsidy cliff.
https://www.cnbc.com/2025/11/25/aca-subsidy-cliff-work-disincentive.html,"The cliff creates an incentive for households with some income flexibility — say hourly workers or self-employed business owners — to work less and dip below that threshold experts said. ""It's an unfortunate disincentive to work "" said Cynthia Cox vice president and director of the Affordable Care Act program at KFF a nonpartisan health policy research group. ""For some families [working less] totally makes financial sense especially if they really need the health insurance "" she said."
https://www.cnbc.com/2025/11/25/aca-subsidy-cliff-work-disincentive.html,Democrats have pushed for an extension of enhanced ACA subsidies which have been in place since 2021 under a Covid-19 relief package.
https://www.cnbc.com/2025/11/25/aca-subsidy-cliff-work-disincentive.html,As part of talks to end the shutdown Republicans vowed to vote by the middle of December on a measure to extend the enhanced subsidies.
https://www.cnbc.com/2025/11/25/aca-subsidy-cliff-work-disincentive.html,However policy experts say such legislation faces long odds of success in a Republican-controlled Congress.
https://www.cnbc.com/2025/11/25/aca-subsidy-cliff-work-disincentive.html,The White House said it would issue a framework as soon as this week to address rising ACA premiums but its proposal was reportedly delayed amid congressional backlash.
https://www.cnbc.com/2025/11/25/aca-subsidy-cliff-work-disincentive.html,ACA premium tax credits would revert to their pre-pandemic level if the enhanced subsidies were to lapse.
https://www.cnbc.com/2025/11/25/aca-subsidy-cliff-work-disincentive.html,Under that policy households were ineligible for premium subsidies if their income exceeded 400% of the federal poverty level.
https://www.cnbc.com/2025/11/25/aca-subsidy-cliff-work-disincentive.html,That structure had been in place since 2013.
https://www.cnbc.com/2025/11/25/aca-subsidy-cliff-work-disincentive.html,Millions of households are on the cusp of the 400% threshold.
https://www.cnbc.com/2025/11/25/aca-subsidy-cliff-work-disincentive.html,In 2025 7% of ACA enrollees — about 1.8 million people — had incomes between 300% and 400% of the federal poverty line according to an analysis of federal data by the Bipartisan Policy Center a nonpartisan think tank.
https://www.cnbc.com/2025/11/25/aca-subsidy-cliff-work-disincentive.html,Another 3% or 725 000 had an income between 400% and 500% it found.
https://www.cnbc.com/2025/11/25/aca-subsidy-cliff-work-disincentive.html,The bulk about 82% have incomes below 300% of the federal poverty line according to the analysis.
https://www.cnbc.com/2025/11/25/aca-subsidy-cliff-work-disincentive.html,There are about 24 million total ACA enrollees in 2025.
https://www.cnbc.com/2025/11/25/aca-subsidy-cliff-work-disincentive.html,The income range and the potential financial hit of the subsidy cliff vary by factors such as household size.
https://www.cnbc.com/2025/11/25/aca-subsidy-cliff-work-disincentive.html,For example a one-person household earning more than $62 600 in 2026 would lose all ACA subsidies which are also called premium tax credits.
https://www.cnbc.com/2025/11/25/aca-subsidy-cliff-work-disincentive.html,For a four-person family that threshold is $128 600.
https://www.cnbc.com/2025/11/25/aca-subsidy-cliff-work-disincentive.html,Here's one example of the financial calculus at play for the average 45-year-old couple with two children ages 10 and 12 earning an annual income of $132 000.
https://www.cnbc.com/2025/11/25/aca-subsidy-cliff-work-disincentive.html,With enhanced subsidies the family would pay $11 220 in annual health premiums or $935 per month for a benchmark silver-tier plan in 2026 amounting to 8.5% of their annual income according to a KFF cost calculator.
https://www.cnbc.com/2025/11/25/aca-subsidy-cliff-work-disincentive.html,Without any subsidies they would pay about $25 900 in annual premiums or roughly $2 160 per month for the same plan amounting to almost 20% of their income according to KFF.
https://www.cnbc.com/2025/11/25/aca-subsidy-cliff-work-disincentive.html,"In this case reducing their work income by about $4 000 would save them about $14 700 in health premiums next year. ""If someone is going to end up being $5 000 over the cliff they should literally just stop working "" said Jeffrey Levine a certified public accountant and certified financial planner based in St."
https://www.cnbc.com/2025/11/25/aca-subsidy-cliff-work-disincentive.html,Of course the disincentive effect may be stronger or weaker depending on the specific household.
https://www.cnbc.com/2025/11/25/aca-subsidy-cliff-work-disincentive.html,For example without enhanced subsidies the average 45-year-old earning $65 000 in 2026 would see their annual ACA premiums increase to about $8 470 for a benchmark silver-tier plan up from $5 530 with the subsidies according to KFF.
https://www.cnbc.com/2025/11/25/aca-subsidy-cliff-work-disincentive.html,Therefore this person would save about $2 940 on health premium costs if they were to reduce their work income by more than $2 400 — for just $540 or so of net savings.
https://www.cnbc.com/2025/11/25/aca-subsidy-cliff-work-disincentive.html,"Someone just over the income threshold would generally see a ""meaningful"" loss of federal health benefits but the overall discouragement to work is unclear said Jonathan Burks executive vice president for economic and health Policy at the Bipartisan Policy Center."
https://www.cnbc.com/2025/11/25/aca-subsidy-cliff-work-disincentive.html,The ACA subsidy cliff isn't the only example of means-tested benefits that may influence consumers' incentive to work Burks said.
https://www.cnbc.com/2025/11/25/aca-subsidy-cliff-work-disincentive.html,Federal programs like Medicaid and Supplemental Nutrition Assistance Program formerly known as food stamps have their own respective benefit cliffs for example he said.
https://www.cnbc.com/2025/11/25/aca-subsidy-cliff-work-disincentive.html,Conservative-leaning economists have generally scrutinized such federal programs to gauge if they make people less likely to work said Burks.
https://www.cnbc.com/2025/11/25/aca-subsidy-cliff-work-disincentive.html,"He called the real-world economic evidence on that ""mixed."" Most benefit cliffs impact programs aimed at lower earners while the ACA subsidy cliff would kick in for households with somewhat higher incomes he said."
https://www.cnbc.com/2025/11/25/aca-subsidy-cliff-work-disincentive.html,Generally it'd be ideal from a policy standpoint to design gradual income phase-outs so federal benefits throttle down gently for households as their incomes increase Burks said.
https://www.cnbc.com/2025/11/25/aca-subsidy-cliff-work-disincentive.html,"However federal budget constraints generally make such a policy design more challenging he said. ""There's always a challenge with any means-tested program with how to handle eligibility thresholds in 'border land '"" he said."
https://www.cnbc.com/2025/11/24/kohls-picks-new-ceo-after-a-turbulent-year-and-sales-declines.html,Kohl's said Monday that Michael Bender who has served as its interim CEO will become its permanent chief executive as the department store tries to get back to sales growth.
https://www.cnbc.com/2025/11/24/kohls-picks-new-ceo-after-a-turbulent-year-and-sales-declines.html,He becomes the third CEO for the department store in about three years.
https://www.cnbc.com/2025/11/24/kohls-picks-new-ceo-after-a-turbulent-year-and-sales-declines.html,The move is effective as of Sunday.
https://www.cnbc.com/2025/11/24/kohls-picks-new-ceo-after-a-turbulent-year-and-sales-declines.html,Bender who has been director of Kohl's board since July 2019 became the company's interim CEO in May.
https://www.cnbc.com/2025/11/24/kohls-picks-new-ceo-after-a-turbulent-year-and-sales-declines.html,The retailer appointed Bender to the position after firing CEO Ashley Buchanan after just a few months into his tenure.
https://www.cnbc.com/2025/11/24/kohls-picks-new-ceo-after-a-turbulent-year-and-sales-declines.html,Kohl's fired Buchanan after it said a company investigation found that he had pushed for deals with a vendor with whom he had a personal relationship.
https://www.cnbc.com/2025/11/24/kohls-picks-new-ceo-after-a-turbulent-year-and-sales-declines.html,That person was Chandra Holt a former retail executive who had a romantic relationship with Buchanan.
https://www.cnbc.com/2025/11/24/kohls-picks-new-ceo-after-a-turbulent-year-and-sales-declines.html,Kohl's leadership announcement comes a day before the retailer reports fiscal third-quarter earnings.
https://www.cnbc.com/2025/11/24/kohls-picks-new-ceo-after-a-turbulent-year-and-sales-declines.html,Along with leadership turmoil Kohl's has struggled with declining sales.
https://www.cnbc.com/2025/11/24/kohls-picks-new-ceo-after-a-turbulent-year-and-sales-declines.html,The company said in August that it expects net sales to drop by 5% to 6% for the fiscal year.
https://www.cnbc.com/2025/11/24/kohls-picks-new-ceo-after-a-turbulent-year-and-sales-declines.html,Kohl's has had many changes at the top since former CEO Michelle Gass left the company in 2022 to join Levi Strauss & Co. where she later succeeded then-CEO Chip Bergh.
https://www.cnbc.com/2025/11/24/kohls-picks-new-ceo-after-a-turbulent-year-and-sales-declines.html,She was followed at Kohl's by Tom Kingsbury a then-board member of the company who became interim and then permanent CEO.
https://www.cnbc.com/2025/11/24/kohls-picks-new-ceo-after-a-turbulent-year-and-sales-declines.html,Bender 64 previously held leadership and management roles at retailers including Victoria's Secret Walmart and Eyemart Express.
https://www.cnbc.com/2025/11/24/kohls-picks-new-ceo-after-a-turbulent-year-and-sales-declines.html,Along with his role as CEO Bender will continue to serve on the company's board.
https://www.cnbc.com/2025/11/24/kohls-picks-new-ceo-after-a-turbulent-year-and-sales-declines.html,"In a news release board chair John Schlifske said Kohl's hired an external firm and ""conducted a comprehensive search"" for the retailer's new leader."
https://www.cnbc.com/2025/11/24/kohls-picks-new-ceo-after-a-turbulent-year-and-sales-declines.html,"He said Bender is the right person for the job because of his ""three decades of leadership experience across retail and consumer goods companies and a deep commitment to the Kohl's brand."" ""Over the past several months as interim CEO Michael has proven to be an exceptional leader for Kohl's – progressively improving results driving short and long-term strategy and positively impacting cultural change "" he said."
https://www.cnbc.com/2025/11/24/kohls-picks-new-ceo-after-a-turbulent-year-and-sales-declines.html,"In a CNBC interview Bender described Kohl's turnaround as ""heading toward close to the middle innings."" ""For me that's a good thing because it means there's still good work to be done and ideas and challenges to bring forward to solve "" he said."
https://www.cnbc.com/2025/11/24/kohls-picks-new-ceo-after-a-turbulent-year-and-sales-declines.html,"At Kohl's he said customers have ""a lot of excitement "" but also ""a more discerning choiceful attitude about the dollars they spend."" ""What they're looking for from retailers is curating assortment for me of quality products at a value that compels me to either get off the couch or if I want to stay on the couch to get on my phone and and order from you because they signify value for me "" he said."
https://www.cnbc.com/2025/11/24/kohls-picks-new-ceo-after-a-turbulent-year-and-sales-declines.html,Over the past five years Kohl's shares have fallen by about 53%.
https://www.cnbc.com/2025/11/28/cnbc-daily-open-november-hasnt-been-kind-or-typical-for-us-stocks.html,U.S. futures are mostly flat Thursday night.
https://www.cnbc.com/2025/11/25/european-markets-on-nov-25-2025-stoxx-600-ftse-dax-cac.html,LONDON — European stocks advanced on Tuesday as regional markets cemented their positive start to the week.
https://www.cnbc.com/2025/11/28/asia-markets-live.html,The stock market will close early at 1 p.m.
