url,title,text
https://seekingalpha.com/article/4846973-sphb-an-etf-for-investors-with-a-higher-risk-appetite,SPHB: An ETF For Investors With A Higher Risk Appetite,
https://www.cnbc.com/2025/11/26/workday-shares-sink-on-subscription-revenue-guidance-concerns.html,Workday shares sink on subscription revenue guidance concerns,Shares of software maker Workday slid nearly 8% on Wednesday as analysts lowered their price targets  citing a lack of a upside after the company revised its full-year subscription revenue forecast. Many software stocks have been under pressure in 2025 as commentators have worried that generative artificial intelligence tools that can quickly write lines of code might pose risks to incumbents. This year  Workday has announced the launch of several AI agents and expanded its offerings through startup acquisitions. Earlier this month  Workday completed the $1.1 billion purchase of AI and learning software company Sana. Despite those moves  Workday's third-quarter earnings report on Tuesday failed to impress Wall Street. The company called for $8.83 billion in subscription revenue for the fiscal year that will end in January 2026  implying 14.4% growth  but the figure was up just $13 million from the company's guidance in August. The new number includes contributions from Sana and a contract with the U.S. Defense Intelligence Agency  Workday finance chief Zane Rowe told analysts on a conference call. "Investors were likely looking for more of a beat-and-raise quarter " Cantor Fitzgerald analysts Matt VanVliet and Mason Marion wrote in a note to clients. They have the equivalent of a buy rating on Workday stock. The new number  they wrote  "borders on a slight guide down." The analysts held their 12-month price target on Workday stock at $280. Stifel  with a hold rating on the stock  lowered its Workday target to $235 from $255. "It does not appear that the underlying momentum of the business is showing any signs of stabilization " Stifel's Brad Reback and Robert Galvin wrote in a note. The outcome was "like turkey without the gravy " Evercore analysts  with the equivalent of a buy rating on the stock  wrote in the title of their note. Analysts at RBC  which also has the equivalent of a buy rating on Workday shares  lowered their price target to $320 from $340. Despite the mixed guidance  they wrote in a note to clients  results for the fiscal third quarter did exceed consensus. Plus  AI products contributed over 1.5 percentage points of annualized revenue growth  Workday CEO Carl Eschenbach said on Tuesday's conference call. '"We remain encouraged by early AI momentum " the RBC analysts wrote. WATCH: AI will drive the market higher in 2026  says Citizens' Mark Lehmann Got a confidential news tip? We want to hear from you.
https://www.marketwatch.com/story/jpmorgan-just-one-upped-the-most-bullish-call-on-wall-street-for-the-s-p-500-next-year-c6ae8ba7,JPMorgan just one-upped the most bullish call on Wall Street for the S&P 500 next year,
https://www.cnbc.com/2025/11/24/european-markets-on-novpoint24-stoxx-600-ftse-dax-cac-.html,European stocks set to start the week higher  following global market positivity,LONDON — European stocks started the new trading week on a positive note  following their global counterparts higher as hopes resurface for a Fed rate cut in December. The pan-European Stoxx 600 closed the session preliminarily 0.3% higher  with most major bourses and sectors in positive territory. Bayer AG advanced 10.9% to lead Monday's gainers after the German pharmaceutical and biotech company reported positive efficacy data from the Phase III study of its blood thinner Asundexian  a stroke prevention drug. Novo Nordisk   in contrast  plummeted 5.8% on Monday   paring some of its earlier losses  after its semaglutide drug — an active ingredient in the pharma company's diabetes and obesity treatments Ozempic and Wegovy — failed to meet the main goal in a large-scale trial of a potential Alzheimer's drug. AstraZeneca added 0.8% after the London-listed drugmaker said on Friday it will invest $2 billion in its biologic manufacturing plant in Frederick  Maryland as part of a wider $50 billion expansion of its U.S. presence. Europe's defense stocks retreated on Monday amid ongoing talks between the U.S. and Ukraine to craft a peace plan  after an initial 28-point proposal was seen as largely pro-Russian and demanding significant concessions from Kyiv. Rheinmettal was down 5%  as Renk fell 4.4%  Hensoldt lost 4.6% and Saab dropped 5.6%. Overall  the Stoxx 600 Aerospace and Defense Index fell to its lowest level since July  and ended the session 2% lower. The U.S. said Sunday that there had been progress in talks at the weekend  which were attended by U.S. Secretary of State Marco Rubio  but that no agreement was reached on security guarantees for Ukraine. Elsewhere  shares in Anglo American were down 0.9% after Australian multinational miner BHP dropped plans for a last-ditch takeover bid for its British rival. Asia-Pacific markets and U.S. stock futures climbed in overnight trading as the market sought to build on a strong rebound that started on Friday  after the head of the New York Federal Reserve left the door open to a December interest rate cut . The Fed's next meeting will take place on Dec. 9-10 and markets are currently pricing in a 69.3% chance of a quarter-percentage-point cut  according to the CME FedWatch tool . Global markets have had a tumultuous few weeks as investors questioned the sky-high valuations of artificial intelligence-linked tech names that have powered much of 2025′s market gains. There are no major data or earnings releases in Europe on Monday but investors in the U.K. are gearing up for the Autumn Budget on Wednesday  with speculation mounting over the depth and breadth of tax hikes that British Finance Minister Rachel Reeves could unveil as she tries to balance the budget. Got a confidential news tip? We want to hear from you.
https://www.cnbc.com/2025/11/26/european-markets-on-novpoint26-2025-stoxx-600-ftse-fed-autumn-budget.html,European stocks to open higher as Fed rate cut expectations rise; UK budget ahead,LONDON — European stocks ended Wednesday in positive territory amid rising expectations that the U.S. Federal Reserve will cut interest rates in December. The pan-European Stoxx 600 finished the session almost 1.1% higher  with most sectors and major regional bourses in the green. Regional indexes are following their counterparts on Wall Street and in the Asia-Pacific region higher amid expectations that the Fed will cut when it next meets on Dec. 9-10. Markets are pricing in almost an 85% chance of a quarter percentage point cut by the central bank  according to the CME FedWatch tool . New York Fed President John Williams also said on Friday that there was room to lower rates " in the near term. " Global markets also got a boost after U.S. Treasury Secretary Scott Bessent told CNBC on Tuesday that there was a "very good chance" that Trump could name a new Fed chair before Christmas. While he said he was interviewing candidates  expectations are shifting toward White House National Economic Council Director Kevin Hassett  after Bloomberg reported he had emerged as a frontrunner for the job. Hassett is viewed as someone more likely to push for lower rates. In the U.K.  all eyes are on the Autumn Budget on Wednesday with Chancellor Rachel Reeves set to unveil her spending and taxation plans for the year ahead . There are widespread expectations that the finance minister will announce a raft of tax hikes as she tries to stick to self-imposed rules on spending and borrowing  and has a fiscal black hole to fill as a result. The country's fiscal watchdog the Office for Budget Responsibility unexpectedly released its economic and fiscal forecasts ahead of the Autumn Budget  sending yields on British government debt see-sawing. The benchmark 10-year gilt moved higher after falling as much 4 basis points following the release  but quicky reversed gains. It was last seen 2 basis point lower. Shorter-term gilts followed a similar pattern. Follow CNBC's Autumn Budget live blog throughout the day for all the latest news  comment and announcements. Chancellor Reeves delivered her budget statement around 12:30 p.m. London time. U.K. banks also experienced sharp swings during the session  initially rising on the back of expectations they would be spared from extra taxes in the Autumn Budget  before selling off following the surprise early release of the budget details  and later closing in positive territory. Barclays finished the day 3% higher  Natwest advanced around 2%   and Lloyds gained 3.4%. Reeves confirmed the introduction of a council tax charge on properties valued over £2 million ($6.63 million). British housing and construction names Persimmon fell almost 0.2%  Taylor Wimpey shed 1.7%  and The Berkeley Group fell almost 3%. Barratt Redrow climbed back into the green after an initial dip  later reversing course to finish the day down 0.4%. Sterling gained on the dollar  moving 0.5% higher to trade at $1.323. European investors also monitored developments in U.S.-led negotiations on a Ukraine peace deal. On Tuesday  U.S. President Donald Trump said a deal was "very close." U.S. special envoy Steve Witkoff is set to meet with Russian President Vladimir Putin in Moscow  Trump added  while U.S. Army Secretary Dan Driscoll "will be meeting with the Ukrainians." It came after reports emerged that Kyiv had accepted the reworked terms of the peace plan  originally drafted by the U.S. European defense stocks moved higher on Wednesday  with Germany's Rheinmetall closing 1.9% higher. Elsewhere  Novo Nordisk shares rose 4.7% after the U.S. Centers for Medicare and Medicaid Services announced the newly negotiated price for its bestseller drugs Ozempic and Wegovy from 2027. The new price for patients on Medicare will be $274  a 71% discount from its current list price. — CNBC's Pia Singh contributed to this market report. Got a confidential news tip? We want to hear from you.
https://www.cnbc.com/2025/11/25/abercrombie-fitch-anf-earnings-q3-2025.html,Abercrombie shares soar 18% on Hollister growth  strong earnings beat,Shares of Abercrombie & Fitch soared 37% Tuesday after the company showed investors it's set to keep growing  even as its namesake brand slows down. During the apparel retailer's fiscal third quarter  Abercrombie brand sales fell 2%. But for at least the third quarter in a row  Hollister saved the retailer  as sales climbed 16%. CEO Fran Horowitz said sales at Abercrombie are expected to be flat in the current quarter  indicating growth at Hollister is set to drive the company's holiday shopping season. Companywide  sales rose 7%  beating expectations. Here's how the apparel retailer did in the period ended Nov. 1 compared with what Wall Street was anticipating  based on a survey of analysts by LSEG: The company's reported net income for the quarter was $113 million  or $2.36 per share  compared with $131.98 million  or $2.50 per share  a year earlier. Sales rose to $1.29 billion  up about 7% from $1.21 billion a year earlier. The company's namesake banner has fueled its comeback in recent years  but now that the Abercrombie brand's growth has started to moderate  Hollister has picked up the baton. During the quarter  Abercrombie's sales fell to $617.35 million while comparable sales declined by a staggering 7%. Sales came in far below the $631.8 million analysts were expecting  according to StreetAccount. Meanwhile  Hollister's revenue rose to $673.27 million  well above the $649.7 million analysts had expected  according to StreetAccount. Comparable sales rose 15%. As the retailer heads into the peak shopping season  "Hollister's exciting campaigns and collaborations planned will highlight some must haves " Horowitz said on a call with analysts. "We are just getting started and importantly  our team has been reading and reacting and has the right product to support sales throughout the season." She also said Abercrombie is investing more in the Hollister brand  as the company is on pace to open 25 stores and refresh 35 others this year. At the Abercrombie brand  Horowitz said last quarter that the slowdown was related to old inventory the company needed to mark down to sell. She said she expected the brand to be back to growth by the end of the year  but that no longer seems to be the case. During Abercrombie's conference call  executives didn't answer when asked when the brand will return to growth. It spoke about the "sequential improvement" Abercrombie saw after a 5% decline in revenue in the previous quarter. Horowitz pointed to recent collaborations with the NFL and luxury retailer Kemo Sabe as bright spots for the brand. "Abercrombie Brands has inventory in the right place and a strong marketing plan heading into holiday " said Horowtiz. "We've opened 30 new stores in the third quarter  aiming for a total of 36 stores this year. We remain focused on bringing the brand back to growth." For its holiday quarter  Abercrombie is expecting companywide sales to climb between 4% and 6%  which is largely below Wall Street expectations of 5.6% growth  according to LSEG. It anticipates earnings per share will be between $3.40 and $3.70  roughly in line with expectations of $3.55 per share. For the full year  it now expects sales to rise between 6% and 7%  largely beating expectations of 6.2% growth  according to LSEG. Got a confidential news tip? We want to hear from you.
https://www.marketwatch.com/story/why-the-stakes-for-stocks-are-so-high-in-this-short-thanksgiving-trading-week-ahead-b60a6279,Why the stakes for stocks are so high in this short Thanksgiving trading week ahead,
https://www.cnbc.com/2025/11/23/global-week-ahead-which-tail-is-wagging-the-market-dog.html,Global week ahead: Which tail is wagging the market dog?,What a week for markets. Global stocks posted their worst week since April as the heat around AI stocks began to burn. On Thursday  the Nasdaq marked its wildest swing from green to red since President Donald Trump's 'Liberation Day' shocked equities back in April. And it reverberated around the world  with the Stoxx 600 touching a one-month low  Germany's DAX sinking to levels not seen since June and Asian stocks closing deep in the red for the week. What does such a volatile week for stocks and other asset classes mean for the trading week ahead? A lot of the discussion around the CNBC International desk this week centered on what was causing investors to turn more cautious on some of the most-loved stocks of the year  as well as on certain asset classes that have been going gang-busters since the Trump administration returned to the White House. In short  the market wanted to know — which tail is wagging the dog? Even a cracking set of earnings from AI darling Nvidia on Wednesday hasn't drawn a line under the bubble speculation around this part of the stock market. Focus is on the AI hyperscalers — namely Amazon   Alphabet   Meta   Microsoft and Oracle — and others in the space looking to build out data centers by raising debt. CNBC's Charlotte Reed will report from the Adopt AI Summit in Paris on Tuesday and Wednesday to find out how some of Europe's biggest corporates are managing their AI spending plans. AI capex spending fears spread to the bond market following tech jitters It's the "revenge of the old economy." That's the view from Carlyle's Chief Strategy Officer Jeff Currie  who told CNBC's Julianna Tatelbaum in London that there is a link between the AI jitters and big moves seen in the crypto markets this week. He said "people who own big tech also own crypto. They're selling the scypto to fund the losses in big tech  and then it becomes a violent cycle to the downside." The delayed data — due to the U.S. shutdown — has done little to provide clarity on the next step for the Federal Reserve  after a rise in the unemployment rate in September and other downward revisions spooked investors. Latest minutes from the FOMC also suggest there is a preference to skip a move in December  with Standard Chartered's Steven Englander writing in a recent note that "we have shifted the December cut into Q1  most likely January." He added that the "hawkish sentiment seems more intent than the dovish." Next week  expect to hear from a variety of ECB voices  including ECB President Christine Lagarde  Executive Board Member Frank Elderson and Board Member Piero Cipollone all taking the stage at different events in Europe. On Friday  Lagarde called on Europe to move from "merely being resilient to being genuinely strong." All the volatility in the overall stock market may have provided some air cover for U.K. Chancellor Rachel Reeves as she counts down the final days to the budget announcement on Wednesday. Billed as the fiscal event of the year  the twists and turns so far have played out in the bond market. Ian King will be live from Westminster with all the details  in the meantime  CNBC's UK Exchange newsletter breaks down how Reeves plans to tackle a £30 billion fiscal hole. Britain’s Reeves paints a confusing picture as pressure builds from all sides The easy answer is that it is most likely all these tails wagging market dogs  but with this many market forces at play  maybe the safest bet is that volatility looks set to continue into next week's trade. Monday: Prosus earnings; ECB's Lagarde speaks Wednesday: U.S. GDP data  U.S. CPI data Friday: France GDP data  German Inflation data Got a confidential news tip? We want to hear from you. More In Global Week Ahead Global week ahead: AI wobble casts shadow over 'Davos for geeks' Leonie Kidd Global week ahead: Is Novo Nordisk past 'peak uncertainty'? Leonie Kidd Global week ahead: 'Cockroaches' crawling toward Europe? Leonie Kidd Read More
https://www.cnbc.com/2025/11/28/cnbc-daily-open-november-hasnt-been-kind-or-typical-for-us-stocks.html,CNBC Daily Open: November hasn't been kind — or typical — for U.S. stocks,Taken from CNBC’s Daily Open  our international markets newsletter — Subscribe today The U.S. stock market was closed Thursday stateside for Thanksgiving Day and will reopen on Friday until 1 p.m. ET. With approximately just 3 hours of trading left for the month  major U.S. indexes are looking to end November in the red  based on CNBC calculations. As of Wednesday's close  the S&P 500 was down 0.4% month to date  the Dow Jones Industrial Average 0.29% lower during the same period and the Nasdaq Composite retreating 2.15%  vastly underperforming its siblings as technology stocks stumbled in November. Unless there's a huge jump in stocks during the shortened trading session on Friday stateside — which might not be an unequivocally positive move since it would raise more questions about the market's sustainability — that means the indexes are on track to snap their winning streaks. The S&P 500 and Dow Jones Industrial Average have risen in the past six months  and the Nasdaq Composite seven. It will also mark a divergence from the historical norm. The S&P 500 has advanced an average of 1.8% in November since 1950  according to the Stock Trader's Almanac. And in the year following a U.S. presidential election  it typically rises 1.6%. But it's not been a typical post-presidential election year. It's hard to see the market  in the coming months  or even years  moving according to any historical trajectory. U.S. futures are mostly flat Thursday night. The stock market was closed during the day for Thanksgiving in the U.S. Asia-Pacific markets traded mixed Friday . Japan's Nikkei 225 ticked up in volatile trading after Tokyo inflation came in hotter than expected. Trump to suspend migration from 'Third World Countries.' The U.S. president will also cancel federal benefits and subsidies to "noncitizens" in the country  he said in Truth Social posts on Thursday night stateside. Trump did not specify which countries would be affected. South Korea imposes sanctions on Prince Group. The Cambodian conglomerate is accused of running large-scale fraud operations across Southeast Asia . The U.S.  U.K. and Singapore have also imposed punitive measures on the company. Russia is ready for 'serious' discussions for peace . The U.S.-led framework "can be the basis for future agreements " Russian President Vladimir Putin said Thursday  as translated by Reuters. He added that the U.S. seemed to take Moscow's position "into account." [PRO] Bank of America doesn't see much upside for 2026. The S&P 500 should rise by a single-digit percentage point   a slowdown from recent years because one supporting factor will be shrinking  said a strategist from the bank. Europe's slow and steady approach to AI could be its edge It's unlikely that Europe will lead in building facilities for AI hyperscalers or for the training of AI — that race is considered all but won — but the general consensus is that it could excel in smaller  cloud-focused and connectivity-style facilities. Europe has "a lot of constraints  but  actually  the more difficult something is to replicate  the more long-term value what you've got has " said Seb Dooley  senior fund manager at Principal Asset Management. Got a confidential news tip? We want to hear from you. More In Daily Open CNBC Daily Open: A rough and historically atypical November for U.S. stocks Yeo Boon Ping CNBC Daily Open: Thanksgiving cheer comes a day early for U.S. markets Yeo Boon Ping CNBC Daily Open: An early Thanksgiving celebration in U.S. markets Yeo Boon Ping Read More
https://www.cnbc.com/2025/11/28/cnbc-daily-open-a-rough-and-historically-atypical-november-for-us-stocks.html,CNBC Daily Open: A rough and historically atypical November for U.S. stocks,Taken from CNBC’s Daily Open  our international markets newsletter — Subscribe today The U.S. stock market was closed Thursday stateside for Thanksgiving Day and will reopen on Friday until 1 p.m. ET. With approximately just 3 hours of trading left for the month  major U.S. indexes are looking to end November in the red  based on CNBC calculations. As of Wednesday's close  the S&P 500 was down 0.4% month to date  the Dow Jones Industrial Average 0.29% lower during the same period and the Nasdaq Composite retreating 2.15%  vastly underperforming its siblings as technology stocks stumbled in November. Unless there's a huge jump in stocks during the shortened trading session on Friday stateside — which might not be an unequivocally positive move since it would raise more questions about the market's sustainability — that means the indexes are on track to snap their winning streaks. The S&P 500 and Dow Jones Industrial Average have risen in the past six months  and the Nasdaq Composite seven. It will also mark a divergence from the historical norm. The S&P 500 has advanced an average of 1.8% in November since 1950  according to the Stock Trader's Almanac. And in the year following a U.S. presidential election  it typically rises 1.6%. But it's not been a typical post-presidential election year. It's hard to see the market  in the coming months  or even years  moving according to any historical trajectory. U.S. futures are mostly flat Thursday night. The stock market was closed during the day for the Thanksgiving break in the U.S. Europe's Stoxx 600 inched up 0.14%  rebounding from earlier losses . Alibaba's AI glasses go on sale. The Quark AI Glasses come in two variants that cost 1 899 Chinese yuan ($268) and 3 799 yuan  less than Meta's $799 Meta Ray-Ban Display glasses   signaling Alibaba's competitive entry into the consumer AI market . Apple files a case against India's antitrust body. The Competition Commission of India is investigating complaints about Apple's in-app purchase policies  and could fine the company based on its global turnover — which means a potential $38 billion penalty . Russia is ready for 'serious' discussions for peace . The U.S.-led framework "can be the basis for future agreements " Russian President Vladimir Putin said Thursday  as translated by Reuters. He added that the U.S. seemed to take Moscow's position "into account." [PRO] Bank of America doesn't see much upside for 2026. The S&P 500 should rise by a single-digit percentage point   a slowdown from recent years because one supporting factor will be shrinking  said a strategist from the bank. Europe's slow and steady approach to AI could be its edge It's unlikely that Europe will lead in building facilities for AI hyperscalers or for the training of AI — that race is considered all but won — but the general consensus is that it could excel in smaller  cloud-focused and connectivity-style facilities. Europe has "a lot of constraints  but  actually  the more difficult something is to replicate  the more long-term value what you've got has " said Seb Dooley  senior fund manager at Principal Asset Management. Got a confidential news tip? We want to hear from you. More In Daily Open CNBC Daily Open: November hasn't been kind — or typical — for U.S. stocks Yeo Boon Ping CNBC Daily Open: Thanksgiving cheer comes a day early for U.S. markets Yeo Boon Ping CNBC Daily Open: An early Thanksgiving celebration in U.S. markets Yeo Boon Ping Read More
https://seekingalpha.com/article/4846877-s-and-p-global-diverse-revenue-streams-but-fairly-valued,S&P Global: Diverse Revenue Streams But Fairly Valued,
https://www.cnbc.com/2025/11/27/stock-market-today-live-updates.html,Stock market today: Live updates,The Nasdaq Composite rose on Friday  scoring its fifth straight day of gains even as it recorded a losing month. The tech-heavy index advanced 0.65% to end the day at 23 365.69  while the S&P 500 gained 0.54% to settle at 6 849.09. The Dow Jones Industrial Average grew 289.30 points  or 0.61%  finish at 47 716.42. Wall Street came back from the Thanksgiving holiday for a shortened trading session Friday. "The mood is back to a bit more of a risk-on sentiment in that the market is now 80% to 85% certain we're going to get a [Federal Reserve] rate cut in just a couple of short weeks " Brian Mulberry  client portfolio manager at Zacks Investment Management  told CNBC. A quarter percentage point cut from the Fed in December would mark the central bank's third in a row after its September and October meetings. Traders have begun raising their expectations for lower rates since New York Fed President John Williams said last week that there was room for "a further adjustment in the near term to the target range for the federal funds rate." "It's simply confirming that we are in an easing trend and that it will continue into the new year as well " Mulberry continued. Friday is the last trading day of November. A pullback in tech stocks have weighed on the major averages this month  as doubt swirled around the future profitability of AI companies. The Nasdaq fell almost 2% on the month  ending a seven-month win streak. The S&P 500 and Dow were slightly higher  thanks to this week's gains  posting their seventh consecutive winning month. The Dow finished the weekly period up more than 3%. The S&P 500 increased almost 4% in the period  while the Nasdaq Composite jumped more than 4%. Stocks closed higher for another day on Friday. The S&P 500 rose 0.54% to 6 849.09  while the Nasdaq Composite moved higher by 0.65% to end at 23 365.69. The Dow Jones Industrial Average climbed 289.30  or 0.61%  to 47 716.42. Thanksgiving ushered in a solid start to the holiday season  according to Adobe Analytics  which tracks visits to U.S. retail websites. Adobe said consumers spent a record $6.4 billion online on Thursday  up 5.3% year over year. The firm is looking for Black Friday spending to rise 8.3% to $11.7 billion. One factor that may have contributed to the robust pace of purchases on Thursday was that discounts were a touch higher than Adobe expected. The data provider said electronics discounts peaked at 28% off listed price  while clothing was marked down 25% and computer prices were slashed by an average of 23%. Toy prices were discounted by 27%  while appliances were marked down 19%  Adobe said. "The magnitude of discounts was the big story on Thanksgiving yesterday  as retailers leaned into delivering great deals to drive consumer demand online " said Vivek Pandya  lead analyst  Adobe Digital Insights  in an emailed statement. Pandya said the markdowns helped fueled some impulse buying among shoppers. The Dow is poised to close in positive territory on the month amid its Friday advance  meaning the 30-stock index could extend its win streak. If the blue-chip average finishes November in the green  it would mark the index's seventh straight positive month. That would be the average's longest monthly winning streak since a 10-month climb that ended in early 2018. On Friday  12 stocks in the S&P 500 traded at new all-time highs. Tickers that hit this milestone included: — Gina Francolla  Lisa Kailai Han Small-cap stocks ran circles around their larger counterparts in November. The small-cap focused Russell 2000 has added 0.8% since 2025's penultimate month began. By comparison  the broad S&P 500 has shed 0.1%  while the Nasdaq Composite has fallen nearly 2%. The blue-chip Dow is up 0.3%. Spot silver hit a record high on Friday. The precious metal was last trading up 3% on the day. Futures tied to silver also hit a record. Spot silver has surged 90% since the beginning of the year  boosted by investors' rotation into risk-off assets amid mixed economic data and shifting U.S. monetary policy expectations. It's outperformed spot gold   which has jumped 60% on the year. Airline stocks rallied Friday  outperforming the broad market  in the midst of the busy Thanksgiving travel weekend  when the Federal Aviation Administration said it expected the most travel in 15 years on more than 360 000 flights. The carriers are also benefiting from lower jet fuel prices. A gallon of jet fuel has fallen 14% in the past week  7% in the past month and 5% year to date  according to FactSet data. American Airlines advanced 0.7%  Delta Air Lines rose 0.5%  Alaska Air climbed 0.4% and United Airlines and JetBlue Airways each added 0.3%. Stocks opened higher a day after the Thanksgiving holiday. The S&P 500 traded up 0.2% just after the opening bel  while the Nasdaq Composite rose 0.3%. The Dow Jones Industrial Average advanced 98 points  or 0.2%. Baird investment strategist Ross Mayfield believes that the cooling issue the Chicago Mercantile Exchange faced on Friday morning ultimately won't have any long-term impacts. "The disruption in trading activity could result in an uptick in volatility at the open  especially in a light volume day  but shouldn't have any meaningful  longer-term impact " he said. "It is  however  a good example of how vital data centers are to all corners of the economy  and how complex of ecosystems that they are." Services were gradually being restored in U.S. markets  as of 8 a.m. ET  after certain trading had been halted early Friday morning. These are the stocks moving the most in premarket trading: Read the full list of stocks moving here . Stock futures began trading on Friday morning after a cooling issue at one of the Chicago Mercantile Exchange's data centers caused trading to be halted. Futures linked to the Dow Jones Industrial Average rose 100 points  or 0.2%  shortly after 8:30 a.m. ET  while Nasdaq-100 futures gained 0.4% and S&P 500 futures climbed 0.2%. Services were gradually being restored in U.S. markets as of 8 a.m. ET following a cooling issue at one of the Chicago Mercantile Exchange's data centers. Bonds and metals resumed trading after a pause  according to FactSet data  and individual stocks were still trading the premarket. Stock futures and options trading would fully open at 8:30 a.m. ET  the CME said. The major averages were headed for strong weekly gains. However  their November performances are another story. Here's where the benchmark stand for the week  through Wednesday's close: Here's a look at their month-to-date losses: Trading came to a standstill on the Chicago Mercantile Exchange on Friday following a cooling issue at one of its data centers. "Due to a cooling issue at CyrusOne data centers  our markets are currently halted " a spokesperson for the CME said in an emailed statement in the early hours of Friday. "Support is working to resolve the issue in the near term and will advise clients of Pre-Open details as soon as they are available." The organization said it may take some time for moves in the impacted contracts to be seen once the outage is resolved. Globex futures and options markets  foreign exchange platform EBS markets and BMD markets were all impacted  the CME added. Stock futures opened little changed Thursday night. Dow Jones Industrial Average futures rose just 10 points. S&P 500 futures and Nasdaq-100 futures traded just above the flatline. Got a confidential news tip? We want to hear from you.
https://www.cnbc.com/2025/11/25/workday-wday-q3-earnings-report-2026.html,Workday stock slips on light quarterly margin guidance,Workday shares slid more than 5% in extended trading Tuesday after the finance and human resources software maker issued quarterly margin guidance that came in below Wall Street projections. Here's how the company did in comparison with LSEG consensus: The company forecast a fourth-quarter adjusted operating margin of at least 28.5% and $2.355 billion in subscription revenue  according to a statement . The StreetAccount consensus was a 28.7% margin and $2.35 billion in subscription revenue. Workday's revenue grew about 13% year over year in the fiscal third quarter  which ended on Oct. 31. Net income of $252 million  or 94 cents per share  was up from $193 million  or 72 cents per share  in the same quarter a year ago. Subscription revenue in the third quarter totaled $2.24 billion  with an adjusted operating margin of 28.5%. Analysts polled by StreetAccount had anticipated $2.24 billion in subscription revenue and a 28.1% margin. During the fiscal third quarter  Workday announced artificial intelligence agents for analyzing employee performance testing financial health  and the company revealed plans to buy AI and learning software startup Sana for $1.1 billion . Also  activist investor Elliott Management said it had built a Workday stake worth over $2 billion . Workday encountered some turbulence with higher education institutions that rely on U.S. funding  CEO Carl Eschenbach said on a conference call with analysts. Workday has seen its stock decline this year as pundits discuss the risk of generative AI tools threatening the growth prospects for cloud software incumbents. Company shares have fallen 9% so far in 2025  while the Nasdaq Composite index has gained 19%. "The narrative we've been hearing in the last couple of quarters is changing  and it's coming back to those who are highly penetrated in the enterprise already providing value and are deeply trusted by our customers " Eschenbach said. Despite rounds of layoffs that companies have been carrying out in recent months  the headcount in Workday's customer base is up year over year  he said. WATCH: Workday CEO Carl Eschenbach: There's a narrative that AI is eating into software  that is false Got a confidential news tip? We want to hear from you.
https://www.cnbc.com/2025/11/24/stock-market-today-live-updates.html,Stock market today: Live updates,The Dow Jones Industrial Average closed higher on Tuesday following another winning session  with traders evaluating expectations of a Federal Reserve interest rate cut and the state of the artificial intelligence trade. The blue-chip index advanced 664.18 points  or 1.43%  to close at 47 112.45. The S&P 500 gained 0.91% to settle at 6 765.88  while the Nasdaq Composite climbed 0.67% to finish at 23 025.59. That marks a turnaround from the losses seen earlier in the day. At session lows  the S&P 500 was down about 0.7%  while the Dow and tech-heavy Nasdaq dropped more than 100 points  or 0.2%  and more than 1%  respectively. Investors continue to watch for any news that can affect the Fed's upcoming monetary policy decision. Markets are pricing in an almost 83% chance of a quarter percentage point cut from the central bank in December  per the CME FedWatch tool . Expectations received a bit of boost after Bloomberg reported that White House National Economic Council Director Kevin Hassett is being considered as the frontrunner to become the next Fed chair. Hassett is seen by investors as someone more likely to push the central bank toward a lower-rate regime favored by President Donald Trump. Treasury Secretary Scott Bessent told CNBC Tuesday that there's a "very good chance" that Trump will "make an announcement before Christmas." The probability has soared since New York Fed President John Williams said on Friday that there was room to lower rates " in the near term. " "Before Friday  we had a 40% chance of a Fed rate cut. Now we have an 80% chance. I've never seen that kind of volatility and expectations for a Fed cut in the span of a few days. The market is hyper-focused on this issue " said Ron Albahary  LNW's chief investment officer. "I can't predict the future  but it seems like the narrative is trending towards a Fed rate cut [on] Dec. 10  supportive of a Santa Claus rally." Alphabet was a winner of Tuesday's session  closing up 1.5% and scoring new record highs  after The Information reported   citing sources  that Meta Platforms was considering spending billions of dollars on the Google parent's AI chips. "As compute becomes cheaper  will that increase consumption? Yes  it likely will increase consumption and demand for it. We're seeing that play out  I think  in real time with Meta buying chips from Google "  Albahary told CNBC. "I think that bodes well for the broader AI space." Between Meta reportedly considering Alphabet chip purchases and the latter's announcement just last week of its upgraded AI model known as Gemini 3  the CIO is confident that the broader economy is going to benefit from AI. He noted that compute costs potentially going down from here could make it a lot easier for non-tech companies to "take advantage of the productivity gains and drive earnings growth." However  with Nvidia down more than 2% following the report  investors could be taking it as a sign that the company's dominance in the AI chips space might be under threat. "What I'm more concerned about  or thinking about  is the second-order effects on the broader players like Microsoft and Amazon " Albahary added. "Is this a moment in which you might see a change in leadership from the Nvidia's of the world?" Alphabet had risen more than 6% in the prior day  which additionally saw the Nasdaq record its best day since mid-May. Investors have rallied behind the "Magnificent Seven" member as well as Broadcom   which are related through their high-performance  application-specific chips  or ASICs  businesses. Although stocks have recovered some of the ground lost last week  the three U.S. indexes are still tracking for a losing month  as investors have been questioning tech stock valuations. The S&P 500 is down around 1% in November  while the Nasdaq has fallen approximately 3%. The 30-stock Dow has shed roughly 1% month to date. The three major averages finished higher on Tuesday  scoring their third winning day in a row. The S&P 500 rose 0.91% to conclude the session at 6 765.88  while the Nasdaq Composite traded up 0.67% to end at 23 025.59. The Dow Jones Industrial Average jumped 664.18 points  or 1.43%  to 47 112.45. Nvidia on Tuesday said its tech remains a generation ahead of the industry  in response to Wall Street's concerns that the company's dominance of AI infrastructure could be threatened by Google's AI chips. "We're delighted by Google's success — they've made great advances in AI and we continue to supply to Google " Nvidia said in a post on X. "NVIDIA is a generation ahead of the industry — it's the only platform that runs every AI model and does it everywhere computing is done." Read more . The market could be due for a bit of a pullback over the few days left in November  according to Jonathan Krinsky  BTIG chief market technician. "Our best guess is that indices see a bit more strength into Tuesday or early Wednesday  then some consolidation through the Thanksgiving holiday into month-end " he wrote in a note dated Monday. "The set-up for December  in our view  will be determined by the rest of this week." Krinsky added that if the S&P 500 continues to see gains and reaches 6 800 to 6 850 by Friday  he expects "a bit of a hangover in early December." In contrast  if the index stays around 6 750  December trading could start off "on a strong note." The U.S. government began the 2026 with a fiscal deficit some 10% higher than the same month a year ago  as high financing costs for the nation's $38.3 trillion debt took its toll on national finances. For October  the budget shortfall totaled $284.3 billion  up nearly $27 billion for the same period a year ago. Revenue increased by $78 billion from October 2024 but expenses rose by $105 billion. However  when calculated for a calendar adjustment  the deficit was just $180 billion  or a 29% decrease from the adjusted October 2024 level. The adjustment came because Nov. 1  2025 fell on weekend  causing an acceleration of benefit payments that went into the October figures. Net interest on the debt totaled $91 billion  the fourth-highest expenditure and $11 billion higher than October 2024. Tariff collections helped offset some of the shortfall  totaling $33 billion on the month  up 316% from a year ago. With higher expectations that the Federal Reserve is going to cut its key overnight borrowing rate at its December meeting  stocks that are expected to benefit from either lower interest rates or faster economic growth were outperforming during Tuesday's session. As of afternoon trading  the State Street SPDR S&P Retail ETF (XRT) was up more than 4%  while the State Street SPDR S&P Homebuilders ETF (XHB) and the State Street SPDR S&P Regional Banking ETF (KRE) gained nearly 4% and about 3%  respectively. The S&P 500 consumer discretionary sector also advanced 1.8%  helping lead the broad market index higher. On Tuesday  34 stocks in the S&P 500 traded at new 52-week highs. Tickers that hit this milestone included: Just one stock traded at a new 52-week low: Linde . — Christopher Hayes  Lisa Kailai Han The fight between Nvidia and one of its loudest naysayers  investor Michael Burry  is escalating. Following the "Big Short" investor's series of social media posts arguing that the artificial intelligence investment boom is replaying the dotcom bubble from the 1990s  with Nvidia at the center of it  the chipmaker quietly circulated a private memo to analysts that explicitly name-checked Burry to push back on many of his claims. "Nvidia emailed a memo to Wall Street sell side analysts to push back on my arguments on SBC and Depreciation. I stand by my analysis " Burry said in a post on Substack  referring to stock-based compensation. "I am not claiming Nvidia is Enron. It is clearly Cisco ." Read more . Check out the companies making headlines midday: Read here for the full list of names. Investment firm Roth is jumped to the defense of the artificial intelligence trade. While AI stocks have seen tumultuous trading over recent days  senior analyst Rohit Kulkarni said the sector should have more room to grow. He said 2026 could be the year when AI starts a multiyear growth period. "Recent market jitters have come from rising skepticism about AI's long-term potential and renewed worry that the massive investments of the past year may not generate sufficient returns " he wrote to clients in a Tuesday note. "But reading through the tea leaves  we see more evidence supporting the opposite view: the fundamental signals point to AI innovation not having hit its ceiling  and underlying economic drivers continue to trend in the right direction." Kulkarni said Alphabet 's strong Gemini 3 model should lead to major breakthroughs in models tied to Nvidia 's Blackwell chips. He said building constraints provide a "stabilizing force" for the industry and stretch out the cycle  while hyperscalers are seeing better returns on invested capital. In a Tuesday note  Rothschild & Co Redburn downgraded beauty brand Estée Lauder to a sell rating. Shares of Estée Lauder have popped more than 24% this year. The company's $70 price target represents a downside ahead of 25%. The stock was last trading 2% lower in Tuesday's premarket session. "Under new management and the 'Beauty Reimagined' strategic vision  Estée Lauder is undergoing major changes to reignite top-line growth and in turn profitability. This comes after a period of underperformance as a result of overexposure to Asian Travel Retail and  importantly  long-standing weakness in the U.S. " the investment firm wrote. It added: "While early signs of improvement are evident  we argue that although organic sales growth can recover to c4.5% pa from FY28  this requires greater and more drastic investments  which in turn put the mid-term operating margin at risk when valuation is discounting a strong recovery." Consumers soured on the current economy and their prospects for the future  with worries growing over the ability to find a job  according to a Conference Board survey released Tuesday. The board's Consumer Confidence Index for November slumped to 88.7  a drop of 6.8 points from the prior month for its lowest reading since April. Economists surveyed by Dow Jones were looking for a reading of 93.2. Read more . Nvidia 's Tuesday slide put the stock on track for its biggest monthly decline since the market rout of 2022. The stock has fallen about 15% month to date. If that holds through the end of November  it would mark the stock's worst month since September 2022  when shares tumbled more than 19%. A chunk of that decline came Tuesday  with Nvidia dropping more than 5% in morning trading. Tuesday's move came after The Information reported that Meta is considering using Google chips in its data centers in 2027. Despite Nvidia's recent pullback  shares are still poised to end 2025 higher by around 28%. The Nasdaq Composite and S&P 500 began Tuesday's session with losses. The tech-heavy Nasdaq dropped 0.4% just after the opening bell  and the broad market S&P 500 slid 0.1%. The Dow Jones Industrial Average gained 146 points  or 0.3%. These stocks are making the biggest moves in premarket trading: The U.S. labor market is showing further signs of weakening as the pace of layoffs has picked up over the past four weeks  payrolls processing firm ADP reported Tuesday. Private companies lost an average of 13 500 jobs a week over the past four weeks  ADP said as part of a running update it has been providing. That's an acceleration from the 2 500 jobs a week lost in the last update a week ago. With the government shutdown still impacting data releases  alternative data like ADP's has been filling in the blanks on the economic picture. Read more . Treasury Secretary Scott Bessent said Tuesday he expects President Donald Trump to make a decision on the new Federal Reserve chair by the holiday season. In a CNBC interview  Bessent  who has been heading the search for a successor to current Chair Jerome Powell  said he still has one interview to go and was not ready to speculate on who might get the job. "I think there's a very good chance that the president will make an announcement before Christmas " he said. "But it's his prerogative  whether It's the before the Christmas holidays or in the new year. But I think things are moving along very well." Read more . Shares of Abercrombie & Fitch soared 18% in premarket trading on Tuesday after the company posted 7% growth in quarterly sales and issued its holiday guidance. Abercrombie  which runs its namesake brand and Hollister  is expecting fourth-quarter sales to climb between 4% and 6%  which is largely below Wall Street expectations of 5.6% growth  according to LSEG. It anticipates earnings per share will be between $3.40 and $3.70  roughly in line with expectations of $3.55 per share. Read more . Best Buy hiked its full-year forecast Tuesday  as it topped Wall Street's quarterly sales expectations and customers turned to the retailer to upgrade tech devices and splurge on new computers  gaming consoles and smartphones. The consumer electronics retailer said it now expects revenue of between $41.65 billion to $41.95 billion for the full year  higher than its previous range of $41.1 billion to $41.9 billion. It expects adjusted earnings per share of $6.25 to $6.35  compared to its prior range $6.15 to $6.30. Best Buy said it expects full-year comparable sales  a metric that tracks sales online and at stores open at least 14 months  to range between a 0.5% rise to a 1.2% increase  compared to its previous expectations for a 1% decline and a 1% climb. Read more . Dick's Sporting Goods is planning to close a slew of Foot Locker stores now that its acquisition of the sneaker company is complete  the company said Tuesday when announcing fiscal third-quarter earnings . It's unclear how many stores Dick's plans to shutter  but the closures are part of a larger restructuring it's implementing so Foot Locker isn't a drag on its profits come fiscal 2026  Dick's executive chairman Ed Stack told CNBC's Courtney Reagan . "We need to clean out the garage " said Stack. "We've taken pretty aggressive markdowns to clean out old merchandise. We're impairing some store assets. We'll close some stores… everything we're doing is there to protect 2026 and just kind of do this one time." Read more . Nvidia shares were down 3% after The Information reported  citing sources  that Meta Platforms was considering spending billions of dollars on Alphabet's AI chips. Alphabet shares were up 4% on the back of the report. The CBOE Market Volatility Index (VIX) closed at 20.52 on Monday  near the session low of 20.41 and far below last week's high of 28.27 reached on Thursday after the market reversed course following Nvidia's third-quarter earnings. Monday's close for what's sometimes called Wall Street's "fear gauge" was the lowest since Friday  Nov. 14. The VIX is derived from weighted prices of S&P 500 index options and calculates the market's 30-day expected volatility  showing how much fear or uncertainty traders have. A high VIX shows investors expect larger swings in prices while a low VIX suggests less price movement is expected. Check out the companies making headlines in after-hours trading. For the full list  read here . Shortly after 6 p.m. ET on Monday  futures tied to the S&P 500 and Nasdaq-100 futures each gained less than 0.1%. Futures tied to the Dow Jones Industrial Average shed 8 points  hovering just below the flatline. Got a confidential news tip? We want to hear from you.
https://seekingalpha.com/news/4525199-sp500-nasdaq-dow-jones-outlook-stock-market,Stock index futures rise to kick off holiday-shortened week,
https://www.cnbc.com/2025/11/28/asia-markets-live.html,Asia-Pacific stocks set for softer open as Tokyo inflation runs hotter than expected,Asia-Pacific markets traded mixed Friday as U.S. stock futures stayed flat over Thanksgiving Day  leaving the Nasdaq Composite on track to end a seven-month winning streak. Traders in Asia will parse fresh economic data  including Tokyo's inflation print  a leading indicator of Japan's broader price trends. Headline inflation in Japan's capital eased to 2.7% in October from 2.8% the month before. Core inflation  which strips out prices of fresh food but includes energy prices  came in at 2.8%  slightly higher than the 2.7% expected by economists polled by Reuters. This was above the central bank's 2% target  boosting the case for a near-term rate hike. Investors will also watch India's GDP for its fiscal second quarter through September  later in the day. Japan's Nikkei 225 rose 0.17% to 50 253.91  while the broad-based Topix was 0.29% higher to end at 3 378.44. Both Japanese indexes marked their third day of gains. South Korea's Kospi was down 1.51% and closed at 3 926.59  and the small-cap Kosdaq gained 3.71% and finished at 912.67. Enchem  a battery materials maker listed on the Kosdaq  surged by over 16% after South Korean media reported it had won an order from Chinese battery maker Contemporary Amperex Technology Limited   or CATL. LG Energy Solution slipped over 6.8%  making it the largest loser on the Kospi after parent LG Chem said it would pare its stake to about 70% from its current level of almost 80%  in order to improve shareholder returns. Australia's S&P/ASX 200 was marginally lower  closing at 8 614.1. Hong Kong's Hang Seng index dropped 0.34% finishing at 25 858.89  while the mainland Chinese CSI 300 rose 0.25% to end at 4 526.67. Shares of property developer China Vanke gained 1.12% in Hong Kong after falling to an all-time low. India's Nifty 50 was flat  and the BSE Sensex index climbed 0.1%. Overnight in the U.S.  all three major indexes were little changed. Dow Jones Industrial Average futures rose just 10 points. S&P 500 futures and Nasdaq-100 futures traded just above the flatline. Stocks are on pace for a losing month when trading resumes on Friday. A pullback in tech stocks has weighed on the major averages in November  as doubt swirled around the future profitability of AI companies. Yet some investors are hopeful that this month's slide will signal a year-end rally for the major averages  as they step in to buy stocks that have been unduly punished at more attractive valuations. U.S. markets were closed Thursday for Thanksgiving Day. The stock market will close early at 1 p.m. ET on Friday. — CNBC's Sean Conlon and Pia Singh contributed to this report. Got a confidential news tip? We want to hear from you.
https://www.cnbc.com/2025/11/25/hp-inc-shares-fall-as-company-says-it-will-cut-up-to-6000-employees.html,HP Inc shares fall on layoffs  weak guidance due to U.S. trade regulations,PC and printer maker HP Inc. said Tuesday it'll lower its headcount by 4 000 to 6 000 people  representing a cut of up to 10%. HP also issued a lower-than-expected earnings projection for the new fiscal year. Shares of the company fell 6% in extended trading. Here's how HP did versus LSEG consensus estimates: HP's revenue increased 4% year over year in the quarter  which ended on Oct. 31  according to a statement . Net income of $795 million  or 84 cents per share  was up from $763 million  or 80 cents per share  in the same quarter a year ago. For the first quarter of HP's fiscal 2026  the company called for 73 cents to 81 cents in adjusted net earnings per share  while the LSEG consensus was 79 cents. For all of fiscal 2026  HP sees $2.90 to $3.20 in adjusted per share  below the LSEG consensus of $3.33. "HP's outlook reflects the added cost driven by the current U.S. trade-related regulations in place  and associated mitigations " the company said in the statement. The company's personal systems unit that includes desktop and laptop computers contributed $10.35 billion in revenue  up 8% and above StreetAccount's $10.15 billion consensus. HP said it expects to complete the headcount reduction by the end of fiscal 2028. The company said the restructuring will result in savings of at least $1 billion in annualized gross run rate by the end of fiscal 2028. HP said it expects to incur about $650 million in charges  of which $250 million will happen in fiscal 2026. "As we look ahead  we see a significant opportunity to embed AI into HP to accelerate product innovation  improve customer satisfaction and boost productivity " HP CEO Enrique Lores said on a conference call with analysts. Corporate executives across industries are hoping to draw on generative artificial intelligence products to speed up software developers and automate customer service. Cloud providers are buying large supplies of memory to meet computing demand from companies that build AI models  such as Anthropic and OpenAI  leading to a rise in the cost per gigabyte of RAM this year. HP  whose headcount stood at 58 000 as of December  announced a similarly sized round of layoffs in 2022 . Several other technology companies have announced layoffs in recent months as U.S. consumers face higher prices and interest rates. "Memory costs are currently 15 to 18% of the cost of a typical PC  and while an increase was expected  its rate has accelerated in the last few weeks " Lores said. The company does expect to benefit after Microsoft stopped supporting its Windows 10 operating system in October  which will lead people to buy new machines  Lores said. Around 60% of HP's installed base has moved to Windows 11  he said. HP's printing business did $4.3 billion in revenue  down 4%. The pricing environment is competitive  and customers are putting off purchases of new models  said Karen Parkhill  the company's finance chief. As of Tuesday's close  HP shares were down 25% for the year  while the S&P 500 index has gained 15% in the same period. WATCH: HP CEO: Tariffs are mostly nonmaterial Got a confidential news tip? We want to hear from you.
https://www.marketwatch.com/story/fund-manager-who-pounded-the-table-to-own-nvidia-in-2017-now-likes-these-ai-stocks-24840810,Fund manager who ‘pounded the table’ in support of Nvidia eight years ago now likes these AI stocks,
https://seekingalpha.com/article/4847034-allianz-stock-strong-q3-guidance-hike-valuation-makes-us-cautious,Allianz: Strong Q3 And Guidance Hike  But Valuation Leaves Us On The Sidelines,
https://seekingalpha.com/article/4847023-pinterest-valuation-makes-no-sense-focus-on-international-momentum-upgrade,Pinterest: Valuation Makes No Sense  Focus On International Momentum (Upgrade),
https://seekingalpha.com/article/4846985-colgate-palmolive-this-dividend-king-is-rebounding-technical-analysis,Colgate-Palmolive: This Dividend King Is Rebounding (Technical Analysis),
https://www.cnbc.com/2025/11/25/european-markets-on-nov-25-2025-stoxx-600-ftse-dax-cac.html,Europe set for dour open as markets shrug off Wall Street rebound,LONDON — European stocks advanced on Tuesday as regional markets cemented their positive start to the week. The pan-European Stoxx 600 closed the session preliminarily 0.9% higher  with most major bourses and sectors in positive territory at the closing bell in London. The moves come after major U.S. averages rebounded on Monday   driven by strength in the artificial intelligence trade and renewed hopes of a Federal Reserve interest rate cut. Asia-Pacific markets also traded higher overnight  boosted by Wall Street's rally. Traders continue to watch for any news that can affect the Fed's upcoming monetary policy decision. Markets are pricing in a more than 80% chance of a quarter percentage point cut from the Fed in December  according to the CME FedWatch Tool . The probability has risen since New York Fed President John Williams said last Friday that there was room to lower rates "in the near term." San Francisco Fed President Mary Daly told the Wall Street Journal on Monday that she supports lowering rates due to labor market concerns. In corporate news  Dutch lender ABN Amro announced Tuesday that it would cut 5 200 jobs by 2028 as it looks to streamline operations and reduce costs. The bank also said in the update ahead of its Capital Markets Day that it had agreed to sell its personal loans subsidiary Alfam to Rabobank. Shares of ABN Amro closed the session 6.5% higher. Novo Nordisk shares rose 4.5% after the Danish drugmaker reported positive results from a mid-stage trial of its next-generation obesity drug Amycretin. The experimental medicine targets the gut hormone GLP-1 as well as a pancreatic hormone called amylin  and showed weight loss of up to 14.5% over 36 weeks in patients with type 2 diabetes. Novo shares are also rebounding following a 5.8% drop Monday after a key trial for Alzheimer's disease failed to hit its target. Meanwhile  British budget airline easyJet reported stronger-than-expected operating profit for its fiscal full year on Tuesday. The company's shares were trading 1.5% lower  rebounding from earlier losses. Tech stocks still appeared choppy  with Dutch chipmaker ASMI falling 1.5%. The move echoes a Tuesday retreat of the tech-heavy Nasdaq Composite . ASML pared earlier losses to end up 0.2%. Elsewhere  regional defense stocks have been volatile over the past week as the U.S. continues its push for progress on a peace deal for Ukraine. The sector staged a modest recovery on Tuesday  following two consecutive sessions of steep losses. Defense stocks posting the biggest gains in early trade included Germany's Renk   up 4.6%  and Rheinmetall   up 1.7%. It comes as Ukraine has reportedly agreed to the framework of a potential peace deal  marking a potentially significant step toward ending Russia's multi-year war on its neighbor if it is confirmed. On Monday  European Union leaders convened to discuss the 28-point peace plan that had initially been drafted by American and Russian officials  with no input from Ukraine or the rest of Europe. Under the preliminary draft  Ukraine would reportedly have had to make significant concessions to Russia — including giving away land occupied after the full-scale invasion  and downsizing its military — in order to end the war. The Stoxx Aerospace and Defense Index was last seen almost 1% higher. In a statement following the meeting  European Commission President Ursula von der Leyen said Europe held a central role in shaping Ukraine's future. "These are our core European principles moving forward: Ukraine's territory and sovereignty must be respected " she said. "Only Ukraine  as a sovereign country can make decisions regarding their armed forces  the choice of their destiny is in their own hands." She added that talks among the so-called Coalition of the Willing would continue on Tuesday. Investors in the U.K. are also gearing up for the Autumn Budget on Wednesday  with a raft of tax hikes expected to be announced by U.K. Chancellor Rachel Reeves. — CNBC's Pia Singh contributed to this market report. Got a confidential news tip? We want to hear from you.
https://seekingalpha.com/article/4846971-nvidia-stock-not-sweating-drop-after-this-q3-meltdown,Nvidia: I'm Not Sweating A Drop After This Q3 Meltdown,
https://www.cnbc.com/2025/11/23/top-wall-street-analysts-favor-these-3-stocks-for-solid-upside.html,Top Wall Street analysts favor these 3 stocks for solid upside potential,Concerns about the steep valuations of artificial intelligence (AI) stocks and a questionable outlook for an interest rate cut in December weighed on investor sentiment in recent trading sessions. For now  however  Nvidia 's solid earnings last week seemed to undermine the idea that everything tied to AI investment is in a bubble. Investors looking to capitalize on the recent selloff and pick up some attractive stocks for the long term can track the recommendations of top Wall Street analysts. These experts can help provide key insights into a company's growth potential. Here are three stocks favored by the Street's top pros  according to TipRanks  a platform that ranks analysts based on their past performance. Windows and Xbox owner Microsoft ( MSFT ) is viewed as one of the major beneficiaries of the AI boom. Last month  the company reported better-than-expected results in its fiscal first quarter  with revenue from the Azure cloud business growing by 40%. Recently  Baird analyst William Power initiated coverage on Microsoft with a buy rating and a price target of $600 . TipRanks' AI Analyst is also optimistic on MSFT  giving it an "outperform" rating and a price target of $628. "Microsoft is leading the AI revolution with infrastructure and applications  aided by its OpenAI relationship  providing an end-to-end AI platform for enterprises and consumers alike " said Power  explaining his optimism. Power sees MSFT's partnership with ChatGPT parent OpenAI as a key differentiator  helping it run AI at scale and speed. The 5-star analyst said that after a commitment to invest $13 billion  Microsoft recently announced an incremental $250 billion Azure investment over several years. The analyst discussed the impressive growth in MSFT's total revenue and Azure business in the September quarter  with the cloud business now constituting 60% of the overall top line. Power also highlighted the strength in Microsoft's core applications  including Microsoft 365  LinkedIn and Dynamics. He noted that MSFT's revenue growth in Q1 FY26 was accompanied by a solid operating margin of 49% and free cash flow margin of 33%. Microsoft's strong margins are ensuring continued double-digit EPS growth  he said. Power believes in Microsoft's near- and long-term potential  despite any immediate pressure stemming from AI capital spending concerns. Power ranks No. 287 among more than 10 100 analysts tracked by TipRanks. His ratings have been successful 57% of the time  delivering an average return of 17%. See Microsoft Ownership Structure on TipRanks. Online travel agent (OTA) Booking Holdings ( BKNG ) is another pick this week. The Priceline and Kayak owner posted impressive third-quarter results  with double-digit gains in gross bookings and revenue. Impressed by the Q3 performance and attractive valuation  Wedbush analyst Scott Devitt upgraded BKNG to buy from hold with a price targe of $6 000 . By comparison  TipRanks' AI Analyst has a "neutral" rating on Booking Holdings with a price target of $5 406. "Booking remains the best-positioned OTA in our view " benefiting from several positives  from the company's scale and diversification to solid liquidity to free cash flow conversion  Devitt said. The top-rated analyst also noted management's impressive history of successfully executing major strategic initiatives. Devitt highlighted Booking Holdings' widening market share in alternative lodging while optimizing costs and driving efficiencies. The company's cost savings are supporting reinvestment in growth initiatives to achieve longer-term targets  he said. Additionally  Devitt discussed Booking's impressive growth across key metrics in the third quarter amid better-than-anticipated global travel demand. Third-quarter gross bookings growth of 14% surpassed management's guidance by 400 basis points  the analyst said. ASs a result  Devitt raised his 2025 gross bookings growth estimate by 100 basis points from his prior forecast  to 11.5%. Further  he expects BKNG to report adjusted EBITDA of $9.8 billion  reflecting year-over-year margin expansion of about 180 basis points. Devitt ranks No. 660 among more than 10 100 analysts tracked by TipRanks. His ratings have been profitable 50% of the time  delivering an average return of 12.3%. See Booking Holdings Financials on TipRanks. Devitt also upgraded his rating for food delivery platform DoorDash ( DASH ) to buy from hold with a price target of $260 . TipRanks' AI Analyst rates DoorDash "neutral" with a price target of $211. DASH shares took a hit when the company announced mixed third-quarter results and said it expects to spend "several hundred million dollars" on new initiatives and development in 2026. Devitt believes that the pullback in DASH shares presents an attractive risk/reward opportunity  with the stock now trading at about 17.7x his 2027 adjusted EBITDA estimate. The Wedbush analyst noted that the post earnings selloff was mainly due to concerns about the level of capital spending and pressured profit margins. Devitt admits that the higher level of spending will hurt near-term margins  but argues such investments in growth initiatives are warranted given that they'll expand DASH's addressable market and bolster its product offerings. Specifically  Devitt highlighted management's plans to direct incremental investments toward three key areas: "(1) creating a cohesive global tech platform  (2) building new verticals and products  and (3) scaling geographic expansion." Overall  Devitt is bullish on DoorDash  believing it has held a dominant position in the U.S. food delivery sector. Moreover  he noted the company's solid execution across strategic initiatives as management pushes for long-term sustainable growth. See DoorDash Hedge Fund Activity on TipRanks. Got a confidential news tip? We want to hear from you.
https://www.cnbc.com/2025/11/27/european-markets-on-nov-27-2025-stoxx-600-ftse-dax-cac.html,European markets head for lackluster open as investors take a breath,LONDON — European stocks closed higher on Thursday as investors digested the regional and global economic outlook. The pan-European Stoxx 600 reversed course to finish 0.12% higher by the end of Thursday's session  with major bourses and sectors mostly higher following broadly negative moves earlier in the day. It comes after a positive trading session yesterday   with the Stoxx 600 closing almost 1.1% higher and most sectors and major regional bourses in the green. Global markets have been boosted this week by rising expectations that the U.S. Federal Reserve will cut interest rates when it next meets on Dec. 9-10. Traders are pricing in a 84.9% chance of a quarter percentage point cut from the Fed in December  according to the CME FedWatch tool . On individual names  potential buyers are swirling German athletic brand Puma   according to reports by Bloomberg . Chinese sport multinational Anta Sports is among those working on a bid   the outlet reported  citing unnamed sources. Puma declined to comment when asked by CNBC. Puma shares ended the day up 18.9%  leading the European index. Other big movers include defense stocks Rheinmetall   which advanced 1.24%  and Saab   which finished 2.5% higher  each paring earlier gains. It comes as U.S. officials continue to attempt to broker a peace deal between Russia and Ukraine. Novo Nordisk shares dipped 1.5%  reversing gains made in the previous session. On Wednesday the U.S. Centers for Medicare and Medicaid Services announced the newly negotiated price for its bestseller drugs Ozempic and Wegovy from 2027. The new price for patients on Medicare will be $274  a 71% discount from its current list price. Yields on U.K. government bonds moved higher as investors assess the impact of the country's highly anticipated Autumn Budget . The yield on the benchmark 10-year gilt rose by more than 2 basis points  climbing down from highs seen earlier in the trading day. U.S. stocks rose on Wednesday  allowing the major averages to log their fourth straight day of gains ahead of the Thanksgiving holiday. Meanwhile  Asia-Pacific markets tracked Wall Street gains and India's benchmark indexes hit a record high overnight. U.S. markets are closed Thursday for Thanksgiving. Trading will resume with a shortened session Friday  when the market will close at 1 p.m. ET. Got a confidential news tip? We want to hear from you.
https://www.marketwatch.com/story/stocks-stage-powerful-comeback-ahead-of-thanksgiving-it-wasnt-enough-to-erase-novembers-losses-32106e03,Stocks stage powerful comeback ahead of Thanksgiving. It wasn’t enough to erase November’s losses.,
https://www.cnbc.com/2025/11/25/5-things-to-know-before-the-stock-market-opens.html,Retail earnings  the new AI leaders  Amazon's $50 billion investment and more in Morning Squawk,This is CNBC's Morning Squawk newsletter. Subscribe here to receive future editions in your inbox. Here are five key things investors need to know to start the trading day: A number of retail giants reported earnings this morning  offering the latest reading on the consumer in the run-up to Black Friday. The releases follow last week's slew of retail earnings. The artificial intelligence trade roared back to life yesterday — but with some unusual leaders. The technology-heavy Nasdaq Composite rallied 2.7% for its best day since May. Broadcom led the S&P 500 higher Monday  surging more than 11% as Wall Street applauded its partnership with Alphabet on application-specific chips. The Google parent was another top performer  rising by more than 6% as investors bet the company in AI models. However  Nvidia shares slipped more than 4% in overnight trading after The Information reported that Meta is c onsidering using chips made by Google in its data centers in 2027. Alphabet shares  meanwhile  jumped around 4% this morning. Follow live markets updates here. Senior U.S. District Judge Cameron Currie threw out criminal cases against former FBI Director James Comey and New York Attorney General Letitia James yesterday. Currie said Lindsey Halligan  the interim U.S. attorney who led the indictments  was invalidly appointed. Both cases were dismissed "without prejudice " meaning the charges could be filed again. The rulings mark a loss for President Donald Trump   who pressured Attorney General Pam Bondi to take action against his political foes. White House spokeswoman Abigail Jackson told CNBC that "this will not be the final word on this matter." CNBC's Morning Squawk recaps the biggest stories investors should know before the stock market opens  every weekday morning. Subscribe here to get access today . Amazon became the latest tech company to throw eye-popping sums behind AI buildout initiatives. The e-commerce giant said it will invest as much as $50 billion to expand its capacity to provide AI and high-performance computing capabilities for its cloud unit's U.S. government customers. The project is expected to begin in 2026 and will add close to 1.3 gigawatts of capacity. With the investment  government clients will also have access to Anthropic's Claude models and Nvidia chips  in addition to Amazon hardware and software. Also yesterday  Amazon said it will let businesses test its internet-from-space service   which was recently renamed Leo from Project Kuiper. As CNBC's Annie Palmer notes  the product competes with SpaceX's Starlink. CNBC Sport is out this morning with its new NHL team valuations for 2025. The average franchise has seen its value rise 15% to $2.2 billion  driven by pricier media rights deals. The Toronto Maple Leafs remained at the front of the pack with a valuation of $4.3 billion  up 8% from last year. The New York Rangers is the runner-up  rising by 9% year over year to $3.8 billion. Microsoft faced vocal community opposition to a data center plan in Caledonia  Wisconsin  leading the tech giant to scrap its plans and look elsewhere. CNBC's Jordan Novet broke down the local reaction. — CNBC's Gabrielle Fonrouge  Sean Conlon  Pia Singh  Dan Mangan  Kevin Breuninger  Annie Palmer  Yun Li  Michael Ozian and Jordan Novet contributed to this report. Terri Cullen edited this edition. Got a confidential news tip? We want to hear from you. More In 5 Things to Know CME disruption  Black Friday  the K-beauty boom and more in Morning Squawk Alex Harring Alphabet hits record highs  Burry's AI concerns  Ukraine peace plan and more in Morning Squawk Alex Harring Holiday air travel  Novo Nordisk trial results  'Wicked: For Good' debut and more in Morning Squawk Alex Harring Read More
https://www.cnbc.com/2025/11/25/-best-buy-bby-q3-2026-earnings-.html,Best Buy hikes sales forecast as shoppers upgrade tech  splurge on devices,Best Buy hiked its full-year forecast Tuesday  as it topped Wall Street's quarterly sales expectations and customers turned to the retailer to upgrade laptops and splurge on new gaming consoles and smartphones. The consumer electronics retailer said it now expects revenue of between $41.65 billion to $41.95 billion for the full year  higher than its previous range of $41.1 billion to $41.9 billion. It expects adjusted earnings per share of $6.25 to $6.35  compared with its prior range of $6.15 to $6.30. Best Buy said it expects full-year comparable sales  a metric that tracks sales online and at stores open at least 14 months  to range between a 0.5% rise to a 1.2% increase  compared with its previous expectations for a 1% decline and a 1% climb. On the company's earnings call  CEO Corie Barry said Best Buy saw "better-than-expected" sales in the quarter because of strong results across computing  gaming and mobile phones  as well as growth in wearables and headphones. She said sales rose across both its website and stores. She said customer shopping behavior in the most recent three-month period was about the same as what Best Buy has seen for the past several quarters. "Customers remain resilient  but deal focused and attracted to more predictable sales moments " such as back-to-school sales and Best Buy's October sale that coincided with Amazon's Prime Day event  she said. And she said  "while customers continued to be thoughtful about big ticket purchases in the current environment  they are willing to spend on high priced point products when they need to or when there is technology innovation." Here's how the retailer did for the three-month period that ended Nov. 1 compared with what Wall Street was expecting  according to a survey of analysts by LSEG: Shares were up about 5% Tuesday. Best Buy's stock has dropped roughly 7% this year. That compares with the 15% gains of the S&P 500 during the same period. Best Buy has been waiting for some of the key catalysts that tend to drive its business  such as higher housing turnover that leads to appliance purchases  the tech innovations that spark demand for devices and expert advice  and the increased willingness by inflation-weary consumers to splurge on discretionary items. Some of that tech innovation appears to be gaining momentum with sales of the Nintendo Switch 2  new iPhones and AI-enabled laptops. The company called out those merchandise categories as strengths in the most recent three-month period. Best Buy's net income for the fiscal third quarter fell to $140 million  or 66 cents per share  from net income of $273 million  or $1.26 per share  in the year-ago period. Adjusting for one-time items  including stock-based compensation and restructuring charges  Best Buy reported earnings of $1.40. Revenue rose from $9.45 billion in the year-ago quarter. Best Buy's comparable sales increased 2.7% year over year. That was the company's highest comparable sales growth in four years  Barry said. In the U.S.  the metric jumped 2.4%  as shoppers bought computers  gaming systems and mobile phones  but purchased fewer appliances and home theaters. Best Buy's annual revenue has dropped for the past three years. With the updated guidance  the company expects annual revenue to be slightly higher than last year's total of $41.53 billion. Still  like other retailers  Best Buy said it's continuing to see shoppers spend selectively and seek out value  and anticipates that will carry into the holiday season  Barry said on a call with reporters. "We absolutely are seeing people make trade offs " she said. For instance  she said  some customers are buying TVs in the middle or lower tier of its price range rather than premium TVs. However  she said Best Buy's reputation as a specialty retailer with many different brands and price points is helping it attract more low-income and younger customers. As the holiday season heats up  Barry said the company is ready for key sales days like Black Friday and Cyber Monday and will have "deals across the spectrum for whenever people want to shop." Even so  the retailer gave a cautious outlook for the holiday quarter  saying it expects sales trends to decelerate from the previous quarter. Bilunas said the company expects comparable sales during the period to range from a 1% decline to a 1% increase. On the company's earnings call  he said Best Buy is seeing "positive growth" in the fourth quarter and a roughly similar trend to the third quarter  but faces tougher year over year comparisons and may see waning trends in some categories like gaming and wearables. In gaming  Nintendo Switch 2 sales haven't been as strong as they were closer to the June launch. "Obviously  the holiday is never easy to predict " he said." What we do believe is that we have a range of scenarios and the range we've provided gives us a great place to plan and plan our business operationally." Higher tariffs will be a complicating factor for the rest of the year  both in how they affect the company's costs and consumer spending. On the company's earnings call  Bilunas said higher tariffs so far haven't had a meaningful impact on Best Buy's prices or its sales. He said growth is coming from more unit sales. Compared to other industries  he said  consumer electronics are a very promotional category and that's muted the impact on average selling prices  he said. At Best Buy's stores  the company has tried to give customers more reasons to try products by adding more vendor demos  Barry said on the company's earnings call. For example  she said more than 50 of its locations have immersive showcase areas for Meta's latest AI-enabled glasses  and demand for in-person demos has outpaced available appointments. It has launched most of its pilot showrooms with Ikea   which it is testing in 10 stores across Texas and Florida. And other vendors  including Breville and Sharkninja  are also showing off items for home baristas and chefs or customers looking for health and beauty devices in its stores  she said. Barry said "very early reads are positive and we are excited to monitor customer response during the holidays." To help drive growth  Best Buy also launched a third-party marketplace in mid-August to expand the brands and the items that it sells. About three months into the launch  the company has more than 1 000 sellers and 11 times more individual items available for online customers than it did before  Barry said on the earnings call. So far  she said the company is seeing higher sales in categories like accessories and small appliances. She said customer return rates for marketplace items have run lower than first-party purchases  and more than 80% of marketplace product returns by customers have been at stores. As the marketplace grows  she said it's driving higher profits and creating new opportunities for Best Buy to sell online ads. Despite the positive signs  some of Best Buy's categories  including appliances  continue to lag. Chief Financial Officer Matt Bilunas said the appliance category is "probably the most difficult one that we have in the market today." He said historically  the company has sold new premium appliances and sets of appliances. With the slower housing market  he said the company is seeing more shoppers replace a product that's broken rather than buy a washer and dryer pair  and promotions haven't been as effective. To speed up sales  Best Buy plans to increase its labor in the department  speed up deliveries to better compete with rivals and even make some items available same day  he said. "And hopefully as housing and different things change  then the market starts to swing back to something that might be a little bit more normal " he said. Got a confidential news tip? We want to hear from you.
https://www.cnbc.com/2025/11/25/alibaba-shares-rise-as-ai-drives-cloud-sales-jump-earnings.html,Alibaba shares rise as AI drives 34% cloud sales jump,Alibaba could ramp up spending on artificial intelligence beyond its projected levels if demand for the technology continues to remain strong  CEO Eddie Wu said Tuesday  after the Chinese tech giant reported accelerated sales at its key cloud division. Alibaba's New York-listed shares were around 4.3% higher in premarket trade as investors looked past a plunge in profitability at the group. Here's how the company did in its fiscal second quarter ended Sept. 30 versus LSEG estimates: Investors are focused on Alibaba's cloud computing division which books its revenue related to artificial intelligence. Over the past few quarters  Alibaba's cloud revenue growth has accelerated. Alibaba reported a 34% year-on-year rise in cloud computing revenue to 39.8 billion yuan versus expectations of 37.9 billion yuan. That growth rate was faster than the 26% notched in the June quarter. The Chinese tech giant said its investments in AI were helping its cloud unit. "Robust AI demand further accelerated our Cloud Intelligence Group business  with revenue up 34% and AI-related product revenue achieving triple-digit year-over-year growth for the ninth consecutive quarter " CEO Eddie Wu said in an earnings statement on Tuesday. Wu said demand for Alibaba's AI products is "accelerating." "Certainly  we see that customer demand for AI is and remains very strong. In fact  we are not even able to keep pace with the growth in customer demand … in terms of the pace at which we can deploy new servers " Wu said. In September  the company said it plans to increase spending on AI models and infrastructure development  on top of the 380 billion yuan ($53 billion) over three years it announced in February . Alibaba said on Tuesday it has spent around 120 billion yuan in capital expenditure toward AI and cloud infrastructure over the past four quarters. Addressing the capex figure  Wu said that the initial 380 billion yuan target "might be on the small side." He added that Alibaba "wouldn't rule out further scaling up that capex investment " if demand continues to remain strong. Alibaba has emerged as one of China's leading AI players. On Monday  Alibaba said its Qwen app  the Chinese giant's rival to OpenAI's ChatGPT  surpassed 10 million downloads within the first week of its public launch. The app is powered by Alibaba's Qwen artificial intelligence models. Earnings before interest  taxes  and amortization (EBITA)  a measure of profitability  increased by 35% to 3.6 billion yuan for its cloud division. Wu laid out his view of the market suggesting AI models were not hitting a wall in terms of their capabilities. He said that over the next three years  there will be "a highly definitive trend of demand for AI." The Alibaba CEO also said that it is likely that supply chains will remain tight when it comes to companies involved in data centers and semiconductors. This spans across memory chips and semiconductor manufacturers. "I think in the next three years to come  AI resources will continue to be undersupplied with demand outstripping supply " Wu said. Meanwhile  Wu said that graphics processing units  the type designed by Nvidia to run AI workloads and that are being used by U.S. tech gaints are "running at full capacity." He added that there are GPUs that are three-to-five years old also running at full capacity. Wu appeared to be addressing the current debate over how long it takes for a GPU to depreciate . Taking these factors into account  Wu said "we don't really see much of an issue in terms of a so-called AI bubble" over the next three years. Meanwhile  the company has been investing heavily in the cut-throat instant commerce market. This a product offering from Alibaba and some of its Chinese e-commerce rivals that promises super-fast delivery on certain items. Investment in this new segment has weighed on the profitability of Alibaba's overall business even as cloud computing remains strong. Overall adjusted EBITA  a profitability measure closely-watched by analysts  fell 78% year-on-year to 9.1 billion yuan  with Alibaba attributing this partly to its investments in quick commerce. But investors appear to be looking past this because of the growth acceleration at the cloud computing business and Alibaba's core China e-commerce division which houses revenue from its online shopping platforms Taobao and Tmall as well as the quick commerce initiative. China e-commerce revenue rose 16% year-on-year to 132.6 billion yuan  with growth coming in faster than the previous quarter. Revenue from quick commerce surged 60% year-on-year in the quarter versus 12% in the quarter before. "In our consumption business  quick commerce continued to scale with significant improvement in unit economics and drove rapid growth in monthly active consumers on the Taobao app " Wu said. Jiang Fan  who runs Alibaba's e-commerce business group called quick commerce a "strategic pillar" and said Alibaba aims to have 1 trillion yuan of gross merchandise value  or the value of transactions across the platform  within 3 years. Got a confidential news tip? We want to hear from you.
https://www.cnbc.com/2025/11/24/cnbc-daily-open-a-turnaround-in-sentiment-for-us-markets-may-be-in-the-cards.html,CNBC Daily Open: A turnaround in sentiment for U.S. markets may be in the cards,Taken from CNBC’s Daily Open  our international markets newsletter — Subscribe today Last week on Wall Street  two forces dragged stocks lower: a set of high-stakes numbers from Nvidia and the U.S. jobs report that landed with more heat than expected. But the leaves that remained after hot tea scalded investors seemed to augur good tidings. Even though Nvidia's third-quarter results easily breezed past Wall Street's estimates  they couldn't quell worries about lofty valuations and an unsustainable bubble inflating in the artificial intelligence sector. The "Magnificent Seven" cohort — save Alphabet — had a losing week . The U.S. Bureau of Labor Statistics added to the pressure. September payrolls rose far more than economists expected  prompting investors to pare back their bets of a December interest rate cut. The timing didn't help matters  as the report had been delayed and hit just as markets were already on edge. By Friday's close  the S&P 500 and Dow Jones Industrial Average lost roughly 2% for the week  while the Nasdaq Composite tumbled 2.7%. Still  a flicker of hope appeared on the horizon. On Friday  New York Federal Reserve President John Williams said that he sees "room" for the central bank to lower interest rates  describing current policy as "modestly restrictive." His comments caused traders to increase their bets on a December cut to around 70%  up from 44.4% a week ago  according to the CME FedWatch tool . And despite a broad sell-off in AI stocks last week  Alphabet shares bucked the trend. Investors seemed impressed by its new AI model  Gemini 3  and hopeful that its development of custom chips could rival Nvidia's in the long run. Meanwhile  Eli Lilly's ascent into the $1 trillion valuation club served as a reminder that market leadership doesn't belong to tech alone. In a market defined by narrow concentration  any sign of broadening strength is a welcome change. Diversification  even within AI's sprawling ecosystem  might be exactly what this market needs now. U.S. stocks rebounded on Friday. Despite that  major indexes ended the week lower . U.S. futures rose Sunday evening stateside . On Monday  Asia-Pacific markets mostly advanced  with Hong Kong's Hang Seng index jumping as much as 2%. Qube Holdings receives takeover proposal from Macquarie. The asset management firm has put forth a non-binding proposal to acquire Qube Holdings  an Australian logistics company  at an enterprise value of 11.6 billion Australian dollars ($7.49 billion). Bessent doesn't see a U.S. recession in 2026. "We have set the table for a very strong  noninflationary growth economy  " the U.S. Treasury secretary said Sunday in an interview on "Meet the Press." However  he acknowledged that some sectors have been struggling. Singapore inflation creeps up. The country's consumer price index for October rose 1.2% year on year   the highest since August 2024 and surpassing the 0.9% estimate in a Reuters poll of economists. Core inflation also increased a higher-than-expected 1.2%. [PRO] Opportunities in China's tech sector. Despite a trade truce between the U.S. and China  ongoing tensions mean both will focus on homegrown technology  analysts say. Here are the Chinese tech firms that Wall Street banks are keeping an eye on. Chinese consumer brands flood into Africa as old investment model fades Chinese business dealings in Africa  once dominated by state-owned enterprises  are now increasingly shifting toward consumer products from the private sector. Chinese investments in Africa's resource-intensive sectors have declined by roughly 40% since their 2015 peak  according to Rhodium Group China Cross-Border Monitor released on Nov. 18 this year. Meanwhile  China's exports to Africa have surged by 28% year on year over the first three quarters of 2025  the report said. Got a confidential news tip? We want to hear from you. More In Daily Open CNBC Daily Open: November hasn't been kind — or typical — for U.S. stocks Yeo Boon Ping CNBC Daily Open: A rough and historically atypical November for U.S. stocks Yeo Boon Ping CNBC Daily Open: Thanksgiving cheer comes a day early for U.S. markets Yeo Boon Ping Read More
https://seekingalpha.com/article/4846970-cava-group-opportunity-in-crisis-to-take-market-share,CAVA Group: Opportunity In A Crisis To Take Market Share,Without a doubt  the restaurant sector has been among the hardest hit in a very volatile Q3 earnings season. All the major bellwethers of the group are starting to feel the pinch of a weaker consumer environment  with fewer choosing to go out Analystâs Disclosure: I/we have a beneficial long position in the shares of CAVA either through stock ownership  options  or other derivatives. I wrote this article myself  and it expresses my own opinions. I am not receiving compensation for it (other than from Seeking Alpha). I have no business relationship with any company whose stock is mentioned in this article. Seeking Alpha's Disclosure: Past performance is no guarantee of future results. No recommendation or advice is being given as to whether any investment is suitable for a particular investor. Any views or opinions expressed above may not reflect those of Seeking Alpha as a whole. Seeking Alpha is not a licensed securities dealer  broker or US investment adviser or investment bank. Our analysts are third party authors that include both professional investors and individual investors who may not be licensed or certified by any institute or regulatory body. CAVA Group: Opportunity In A Crisis To Take Market Share Nov. 23  2025 9:27 PM ET CAVA Group  Inc. (CAVA) Stock CAVA Gary Alexander 32.7K Follower s Follow 5 Share Save Play ( 9min ) Comments (10) Summary CAVA remains resilient  despite sector headwinds  with shares down 65% YTD but outperforming peers in same restaurant sales growth. CAVA is gaining market share  benefiting from healthy eating trends  a strong loyalty program  and robust restaurant margins compared to competitors like CMG and Sweetgreen. Though comps have decelerated  CAVA's SRS and store expansion remain positive; valuation is more attractive after the recent selloff. Maintain a Buy rating  viewing the current dip as a buying opportunity  given CAVA's long-term growth potential and white space for expansion. hapabapa/iStock Editorial via Getty Images Without a doubt  the restaurant sector has been among the hardest hit in a very volatile Q3 earnings season. All the major bellwethers of the group are starting to feel the pinch of a weaker consumer environment  with fewer choosing to go out This article was written by Gary Alexander 32.7K Follower s Follow With combined experience of covering technology companies on Wall Street and working in Silicon Valley  and serving as an outside adviser to several seed-round startups  Gary Alexander has exposure to many of the themes shaping the industry today. He has been a regular contributor on Seeking Alpha since 2017. He has been quoted in many web publications and his articles are syndicated to company pages in popular trading apps like Robinhood. Analystâs Disclosure: I/we have a beneficial long position in the shares of CAVA either through stock ownership  options  or other derivatives. I wrote this article myself  and it expresses my own opinions. I am not receiving compensation for it (other than from Seeking Alpha). I have no business relationship with any company whose stock is mentioned in this article. Seeking Alpha's Disclosure: Past performance is no guarantee of future results. No recommendation or advice is being given as to whether any investment is suitable for a particular investor. Any views or opinions expressed above may not reflect those of Seeking Alpha as a whole. Seeking Alpha is not a licensed securities dealer  broker or US investment adviser or investment bank. Our analysts are third party authors that include both professional investors and individual investors who may not be licensed or certified by any institute or regulatory body. Like Share Comments (10) Recommended For You CAVA Group: Opportunity In A Crisis To Take Market Share Nov. 23  2025 9:27 PM ET CAVA Group  Inc. (CAVA) Stock CAVA Gary Alexander 32.7K Follower s Follow 5 Share Save Play ( 9min ) Comments (10) Summary CAVA remains resilient  despite sector headwinds  with shares down 65% YTD but outperforming peers in same restaurant sales growth. CAVA is gaining market share  benefiting from healthy eating trends  a strong loyalty program  and robust restaurant margins compared to competitors like CMG and Sweetgreen. Though comps have decelerated  CAVA's SRS and store expansion remain positive; valuation is more attractive after the recent selloff. Maintain a Buy rating  viewing the current dip as a buying opportunity  given CAVA's long-term growth potential and white space for expansion. hapabapa/iStock Editorial via Getty Images Without a doubt  the restaurant sector has been among the hardest hit in a very volatile Q3 earnings season. All the major bellwethers of the group are starting to feel the pinch of a weaker consumer environment  with fewer choosing to go out This article was written by Gary Alexander 32.7K Follower s Follow With combined experience of covering technology companies on Wall Street and working in Silicon Valley  and serving as an outside adviser to several seed-round startups  Gary Alexander has exposure to many of the themes shaping the industry today. He has been a regular contributor on Seeking Alpha since 2017. He has been quoted in many web publications and his articles are syndicated to company pages in popular trading apps like Robinhood. Analystâs Disclosure: I/we have a beneficial long position in the shares of CAVA either through stock ownership  options  or other derivatives. I wrote this article myself  and it expresses my own opinions. I am not receiving compensation for it (other than from Seeking Alpha). I have no business relationship with any company whose stock is mentioned in this article. Seeking Alpha's Disclosure: Past performance is no guarantee of future results. No recommendation or advice is being given as to whether any investment is suitable for a particular investor. Any views or opinions expressed above may not reflect those of Seeking Alpha as a whole. Seeking Alpha is not a licensed securities dealer  broker or US investment adviser or investment bank. Our analysts are third party authors that include both professional investors and individual investors who may not be licensed or certified by any institute or regulatory body. Like Share Comments (10)
https://seekingalpha.com/article/4846963-zurich-insurance-solid-q3-de-risked-outlook-scope-larger-buyback,Zurich Insurance: Solid Results  De-Risked Outlook  And Scope For A Larger Buyback,
https://www.cnbc.com/2025/11/24/cnbc-daily-open-some-hope-after-last-weeks-us-market-rout.html,CNBC Daily Open: Some hope after last week's U.S. market rout,Taken from CNBC’s Daily Open  our international markets newsletter — Subscribe today Last week on Wall Street  two forces dragged stocks lower: a set of high-stakes numbers from Nvidia and the U.S. jobs report that landed with more heat than expected. But the leaves that remained after hot tea scalded investors seemed to augur good tidings. Even though Nvidia's third-quarter results easily breezed past Wall Street's estimates  they couldn't quell worries about lofty valuations and an unsustainable bubble inflating in the artificial intelligence sector. The "Magnificent Seven" cohort — save Alphabet — had a losing week . The U.S. Bureau of Labor Statistics added to the pressure. September payrolls rose far more than economists expected  prompting investors to pare back their bets of a December interest rate cut. The timing didn't help matters  as the report had been delayed and hit just as markets were already on edge. By Friday's close  the S&P 500 and Dow Jones Industrial Average lost roughly 2% for the week  while the Nasdaq Composite tumbled 2.7%. Still  a flicker of hope appeared on the horizon. On Friday  New York Federal Reserve President John Williams said that he sees "room" for the central bank to lower interest rates  describing current policy as "modestly restrictive." His comments caused traders to increase their bets on a December cut to around 70%  up from 44.4% a week ago  according to the CME FedWatch tool . And despite a broad sell-off in AI stocks last week  Alphabet shares bucked the trend. Investors seemed impressed by its new AI model  Gemini 3  and hopeful that its development of custom chips could rival Nvidia's in the long run. Meanwhile  Eli Lilly's ascent into the $1 trillion valuation club served as a reminder that market leadership doesn't belong to tech alone. In a market defined by narrow concentration  any sign of broadening strength is a welcome change. Diversification  even within AI's sprawling ecosystem  might be exactly what this market needs now. U.S. stocks rebounded on Friday. Despite that  major indexes ended the week lower . Europe's regional Stoxx 600 gave up 0.33% as technology and defense stocks sold off . U.S. futures rose Sunday evening stateside . Eli Lilly hits $1 trillion in market capitalization. That makes it the first health-care company in the world to join a club dominated by tech firms. Eli Lilly stock has risen more than 36% this year. Bessent doesn't see a U.S. recession in 2026. "We have set the table for a very strong  noninflationary growth economy  " the U.S. Treasury secretary said Sunday in an interview on "Meet the Press." However  he acknowledged that some sectors have been struggling. A confusing Ukraine peace plan. U.S. Secretary of State Marco Rubio held talks in Geneva with Kyiv and European officials on Sunday on a White House-led plan to end Russia's war in Ukraine. But the plan has been mired in controversy . [PRO] Ideas from the Sohn London conference. Hedge funds unveiled long and short positions on U.S. and global stocks at the annual investment gathering. One short seller is betting against a firm buying data centers . Japanese concerts in China are getting abruptly canceled as tensions simmer China's escalating dispute with Japan reinforces Beijing's growing economic influence — and penchant for abrupt actions that can create uncertainty for businesses. Hours before Japanese jazz quintet The Blend was due to perform in Beijing on Thursday  a plainclothesman walked into the DDC music club during a sound check. Then  "the owner of the live house came to me and said: 'The police has told me tonight is canceled '" said Christian Petersen-Clausen  a music agent. Correction: This report has been updated to correct the spelling of Eli Lilly. Got a confidential news tip? We want to hear from you. More In Daily Open CNBC Daily Open: November hasn't been kind — or typical — for U.S. stocks Yeo Boon Ping CNBC Daily Open: A rough and historically atypical November for U.S. stocks Yeo Boon Ping CNBC Daily Open: Thanksgiving cheer comes a day early for U.S. markets Yeo Boon Ping Read More
https://www.cnbc.com/2025/11/23/stock-market-today-live-updates.html,Stock market today: Live updates,Stocks closed higher on Monday  boosted by Alphabet   as the market rebounded into the Thanksgiving holiday week after a slide that knocked the air out of this year's artificial intelligence bull run. The S&P 500 increased 1.55% to close at 6 705.12  while the Nasdaq Composite jumped 2.69% to settle at 22 872.01. It was the tech-heavy index's best day since May 12  when it rose 4.35%. The Dow Jones Industrial Average traded up 202.86 points  or 0.44%  to end at 46 448.27. Shares of Alphabet saw gains Monday as investors grew optimistic about the company's standing in the AI race. Google last week announced its upgraded AI model  Gemini 3  a move that comes nearly eight months after its unveiling of Gemini 2.5. The stock was up 6.3%. The enthusiasm surrounding Alphabet extended to other names in the AI trade. Broadcom surged 11.1%  while Micron Technology grew about 8%. Palantir Technologies and AMD popped 4.8% and 5.5%  respectively. Meta   Nvidia and Amazon also advanced. "It's great for Alphabet and investors in Alphabet  but it always concerns me when we have one stock that is leading the market higher. We're not looking necessarily at a broad-based improvement " said Melissa Brown  managing director of investment decision research at SimCorp. "That just doesn't seem to me to be a sustainable force behind driving the market higher over the next however many days." Stocks built on a strong rebound that started on Friday  when the head of the New York Federal Reserve left the door open to a December interest rate cut . Major averages have still stumbled sharply since the month began  pressured by a reconsideration of sky-high valuations across AI-linked names that had powered much of 2025's market gains. The S&P 500 slipped roughly 2% last week  and its November decline now stands at around 2%. The Nasdaq  which shed nearly 3% in the prior week  is down more than 3% for the month. The 30-stock Dow fell about 2% last week and is off more than 2% month to date. The final stretch of November may be no easier. With trading volumes expected to thin out in the coming days and few meaningful catalysts ahead of the Fed's December policy meeting  volatility could pick up. Brown noted that any upcoming economic data releases – including September U.S. retail sales and September producer price index data on Tuesday – that signal a "stagflationary environment" could be a driver. "The market could continue to be okay  but when sentiment is so negative  bad news tends to get exaggerated " she told CNBC. "When you add on top of that the lower trading volume environment  I think any bad news  maybe the impact is going to be multiplied." The stock market is closed on Thursday for Thanksgiving Day  and it shuts down early at 1 p.m. ET on Friday. Correction: The reports for September retail sales and producer price index are due Tuesday. A previous version misstated the month. The three leading U.S. indexes rallied on Monday. The S&P 500 soared 1.55% to finish at 6 705.12  while the Nasdaq Composite surged 2.69% to end the day at 22 872.01. The Dow Jones Industrial Average climbed 202.86 points  or 0.44%  to 46 448.27. San Francisco Federal Reserve President Mary Daly said she would support an interest rate cut at the central bank's December meeting. Citing risks to the labor market  the central banker told the Wall Street Journal that "I don't feel as confident we can get ahead of it" and that the economy is "very vulnerable" to the risks of breaking out of the current no-hire no-fire paradigm. Daly does not vote this year on the Federal Open Market Committee but does get to voice her opinion at meetings. She will vote next in 2027. Daly's comments follow remarks Friday from New York Fed President John Williams  a permanent FOMC voter who said he sees more room to lower rates. Williams' comments led to a sharp repricing in the futures market  with traders now placing better than an 85% probability on a December cut  more than reversing doubts held just a week ago. 2026 will be another strong year because of artificial intelligence  with the S&P 500 climbing to 8 000 by year's end  according to Deutsche Bank Research. "Rapid AI investment and adoption will continue to dominate market sentiment. Given the pace of technological advancement  it is difficult to believe this won't translate into meaningful productivity gains ahead " Jim Reid  global head of macro and thematic research at Deutsche Bank Research  wrote on Monday. "However  the ultimate winners and losers will depend on a complex interplay of evolving factors  many of which may not become apparent until after 2026." "The 8 000 year-end S&P 500 target from our US equity strategist — our most optimistic analyst — is notable given his strong track record " Reid added. Evercore ISI is maintaining its conviction on the S&P 500's future growth after a strong third-quarter earnings season  but expects volatility in the market to continue. Julian Emanuel  Evercore chief equity  derivatives and quantitative strategist  said the firm's new S&P 500 forecast for 2026 is 7 750. "Record concentration risk and elevated valuations though can accentuate short term turbulence common in structural bull markets " he wrote in a Sunday note to clients. "Bouts of volatility  such as last week's episode  are likely to persist  and offer opportunities to add exposure to structural long term AI themes in O/P rated sectors Information Technology  Communication Services and Consumer Discretionary." Emanuel raised his year-end earnings per share expectations for the S&P 500 by $9 to to $273. He also lifted his 2026 earnings per share expectations to $296 from $287  saying that fundamental strength in the index will likely be supported by stimulative fiscal policy and ongoing AI spending. The Federal Reserve will get one last look at inflation  albeit a dated one  before it meets in December. The Commerce Department on Monday said it will release September's personal consumption expenditures price index on Dec. 5  four days before the central bank next convenes for a policy meeting. Though it views inflation though multiple data points  the PCE price index is its main forecasting tool  with special emphasis on the core measure that excludes food and energy. Along with the inflation gauge  the department's Bureau of Economic Analysis also will release readings on personal income and spending. The Bureau of Labor Statistics will release its own consumer price index  for October  on Dec. 19. Releases have been delayed due to the government shutdown. Check out the companies making the biggest moves midday: Read here for the full list. Broadcom shares rallied 10.3% on Monday  as investors poured back into several high-flying tech companies tied to the artificial intelligence trade. Wall Street is also taking notice of the chipmaker as a derivate play of Alphabet's growing AI dominance. Broadcom — one of the biggest suppliers of high-performance  application-specific chips  or ASICs  for hyperscalers — has been on a tear this year  rallying 60% year to date. Monday's puts Broadcom shares on pace for their best day since April 9. The stock is also the best performer in the Technology Select Sector SPDR fund (XLK)   which tracks the S&P 500 tech sector. The move in Broadcom comes as investors continue to push shares of Google-parent Alphabet higher. The stock rose more than 5% as the artificial intelligence trade regained some of the recently lost ground. The two are related through ASICs: Google is a major customer of Broadcom's ASIC business  as Broadcom helps design and manufacture Google's tensor processing units (TPUs). These are Google's in-house specialized AI chips  used for the company's internal AI infrastructure. Google TPUs are a considered a competitor to Nvidia's graphics processing units (GPUs) for AI workloads. Read more . Investors are worried that Alphabet 's recent gains within artificial intelligence spells bad news for other stocks in the space. Shares of the Google parent surged more than 5% on Monday  adding to last week's gain of more than 8%. On the other hand  Nvidia and the Nasdaq Composite are both coming off losing weeks. "Some investors are petrified that Alphabet will win the AI war due to huge improvements in its Gemini AI model and ongoing benefits from its custom TPU chip " Melius Research analyst Ben Reitzes wrote to clients in a Monday note. "GOOGL winning would actually hurt several stocks we cover — so prepare for volatility." CNBC Pro subscribers can click here for the full story. On Monday  17 stocks in the S&P 500 reached new 52-week highs. Tickers that hit this milestone included: The two stocks that traded at new 52-week lows were: — Christopher Hayes  Lisa Kailai Han Grindr plunged more than 11% on Monday after a special committee said it was ending engagement on a take-private proposal. The LGBTQ+-focused dating app said it had uncertainty around financing in the deal. Shares surged in mid October after major shareholders first expressed interest in taking the company private and then offered $18 per share in an official proposal. Grindr shares have dropped more than 31% this year after jumping around 103% in 2024. Investors are underweight stocks for the first time in four months  with room for further selling  according to Deutsch Bank Research. "In our reading  equity positioning is now underweight for the first time since July (-0.15sd  34th percentile) " strategist Parag Thatte wrote on Friday. "Systematic strategies have also been cutting exposure and are now only modestly overweight (0.29  56th percentile)  in contrast to early October when their positioning was in the top decile " he continued. "But their sensitivity to further volatility is high and they have room to keep selling if trends weaken." Michael Burry  the investor who shot to fame for calling the housing crash before 2008  has launched a Substack newsletter after deregistering his hedge fund  aiming to lay out in detail his increasingly bearish thesis on artificial intelligence. "The Big Short" investor is capitalizing on the massive audience he's built on X  where 1.6 million followers have long parsed his cryptic posts. His new publication  titled "Cassandra Unchained" with a $379 annual subscription fee  arrives with a familiar warning: He believes markets are once again deep in bubble territory. Read more . With the race still on to see who will take over as Federal Reserve chair next year  Governor Christopher Waller said Monday he recently had another interview with Treasury Secretary Scott Bessent  who is running the search. Waller and Bessent met 10 days ago  describing it in a Fox Business interview as "a great meeting." "Once again  he and I seem to hit it off very well  talking about economics  the economy  financial markets " Waller said. "They're never been political. They're straight about economics  and that's just been a great time for me to sit and talk with them." Powell's term as chair expires in May 2026. Waller said he would continue having news conference after every Federal Open Market Committee meeting  a Powell initiative that extended the traditional quarterly meetings with the press. Stocks traded higher on Monday morning. The Nasdaq Composite gained 1.1% shortly after 9:30 a.m. ET  and the S&P 500 advanced 0.7%. The Dow Jones Industrial Average ticked higher by 91 points  or 0.2%. Alphabet shares rose more than 4% in the premarket on Monday as investors became more enthusiastic about the company's future in artificial intelligence. Last week  Google announced its latest AI model known as Gemini 3  and some believe that the recent development possibly positions the company to win the AI race over others like ChatGPT creator OpenAI. "I've used ChatGPT every day for 3 years. Just spent 2 hours on Gemini 3. I'm not going back " said Salesforce CEO Marc Benioff in a post on X over the weekend. "The leap is insane — reasoning  speed  images  video … everything is sharper and faster. It feels like the world just changed  again." Here are some of the names making moves before the opening bell: To see more premarket movers  read the full story here . Wedbush now has more conviction when it comes to Carvana going forward. The investment firm upgraded the online used-car dealership to an outperform rating from neutral. Analyst Scott Devitt also raised his 12-month price target to $400 from $380  implying a gain of about 29% from Friday's close. While shares of Carvana have surged 52% this year  Devitt pointed to its 13% sell-off in the last month as a catalyst for the stock. He attributed this reaction mainly to "underwhelming near-term performance" from CarMax  its "closest peer " alongside broader rising concerns within the credit markets. CNBC Pro subscribers can read more here . JPMorgan sees an AI-powered future ahead for Chinese internet services provider Baidu . The bank upgraded the Chinese internet services stock to an overweight rating from neutral. It also hiked its price target for U.S.-domiciled shares to $188 from $110  which signals 69% upside ahead. Analyst Alex Yao's upgrade comes as cloud and AI are set to become Baidu's growth engines and value drivers. He believes that the market is underestimating this transition and suggested investors buy into Baidu now to capture the valuation rerating. CNBC Pro subscribers can read more here . Shares of Novo Nordisk on Monday fell as much 11% after the Danish drug pharmaceutical company said a highly-anticipated trial for Alzheimer's disease failed to meet its main goal. The trial tested whether semaglutide — the active ingredient in Novo's blockbuster diabetes and weight loss drugs Ozempic and Wegovy — helped slow progression for Alzheimer's disease. Read more . Wall Street is still on edge as it tries to build on the sharp gains observed in the previous session  according to Adam Crisafulli of Vital Knowledge. "US equities are trying to extend their gains from Friday  but investor confidence remains frazzled by the MTD volatility  and people are hesitant to chase until equities can demonstrate more stability " he said in a note to clients. "The main areas of conversation include the outlook for the AI trade (which is fracturing  as sentiment cools on OpenAI and its ecosystem partners while Google surges to the fore) and the Fed. Expectations for a December rate cut jumped noticeably after New York Federal Reserve President John Williams signaled he sees room for "further adjustment" to interest rates. "I view monetary policy as being modestly restrictive  although somewhat less so than before our recent actions " he said in remarks for a speech in Santiago  Chile. "Therefore  I still see room for a further adjustment in the near term to the target range for the federal funds rate to move the stance of policy closer to the range of neutral  thereby maintaining the balance between the achievement of our two goals." Futures markets now assign almost a 70% probability that the Fed will trim rates by another quarter point at its final meeting of the year on Dec. 10 — up from about 44% a week earlier  CME FedWatch data show. The Fed's benchmark rate currently sits between 3.75% and 4.00%. Investors are grappling with the shaky state of government economic data. On Friday  traders learned the Fed won't receive a key inflation reading before its next rate decision  after the Bureau of Labor Statistics scrapped the release of October's consumer price index. November's CPI report — originally set for Dec. 10 — has also been pushed to Dec. 18  coming after the Fed meets. Got a confidential news tip? We want to hear from you.
https://www.marketwatch.com/story/wall-streets-wild-week-shows-just-how-fragile-confidence-in-the-stock-market-has-become-1b0353da,Wall Street’s wild week shows just how fragile confidence in the stock market has become,
https://www.cnbc.com/2025/11/27/cnbc-daily-open-thanksgiving-cheer-comes-a-day-early-for-us-markets.html,CNBC Daily Open: Thanksgiving cheer comes a day early for U.S. markets,Taken from CNBC’s Daily Open  our international markets newsletter — Subscribe today Thanksgiving in the U.S. takes place on Thursday stateside  but the feasting might have begun a day early for investors. The S&P 500   Dow Jones Industrial Average and Nasdaq Composite all recorded a fourth straight day of gains. Shares of Oracle   which have been hobbling along in November after wiping out its one-day spike in September   advanced roughly 4% after Deutsche Bank said that its recent price pullback "presents an attractive entry point for investors when looking at Oracle's business in totality." Other technology and AI-related stocks  such as Nvidia and Microsoft   rose in sympathy. "Thanksgiving week is generally a strong week in the markets. Everyone's feeling good " said Eric Diton  president and managing director at The Wealth Alliance. It's what happens after Thanksgiving that might cause some pause. The futures market is now pricing in a roughly 85% chance the U.S. Federal Reserve will cut interest rates by a quarter percentage point in December. When expectations are too high — and not met — disappointment will be all the more painful. "If the Fed disappoints  you could have a sell-off " Diton said — but added  "I don't think they will." And if White House National Economic Council Director Kevin Hassett does assume the role of Fed chair when Jerome Powell vacates his seat  rates could trend even lower in the future  wrote Bank of America economist Aditya Bhave. Looser monetary policy tends to provide more support for stocks — that notion seems to be behind optimistic targets for the S&P 500 by the end of 2026. So far  the numbers that have been floated are 7 400 from CFRA Chief Investment Strategist Sam Stovall   and as high as 8 000 from JPMorgan . Investors indeed have much to be thankful for in 2025 — and possibly the next year as well. Fourth straight day of gains for U.S. stocks. Major indexes closed higher on Wednesday  lifted by technology firms such as Oracle and Nvidia. Asia-Pacific markets advanced Thursday . India's Nifty 50 and BSE Sensex climbed to record highs. Apple's smartphone shipments to overtake Samsung. The company will ship around 243 million iPhones this year   higher than the 235 million smartphones from Samsung   Counterpoint Research wrote. It'd be the first time in 14 years Apple will outstrip its rival. China's industrial profits decline in October. Earnings dropped 5.5% from a year earlier  the biggest slide since June  according to the country's National Bureau of Statistics. Trade tensions with the U.S. pressured China's exports in October. AI can replace 11.7% of U.S. workforce  MIT says. That's equivalent to $1.2 trillion in wages across finance  health care and professional services. The study  which was released Wednesday by the university  created a simulation of 151 million U.S. workers. [PRO] Bitcoin might continue battling headwinds. The cryptocurrency has fallen more than 20% in November and will likely continue its descent for the rest of the year  according to Compass Point. Here's why the investment bank has that view. Foreign investors warm to China's cheaper AI valuations despite fears of a U.S. bubble U.S. venture deals in AI and robotics have exceeded $160 billion so far this year  according to a CNBC analysis of PitchBook data. Comparable deals in China this year are just over $10 billion  the data showed. It's a confluence of regulatory pressures in China  U.S. export controls and a scrappy startup environment where locals have overcome stringent pandemic lockdowns to stay competitive. Got a confidential news tip? We want to hear from you. More In Daily Open CNBC Daily Open: November hasn't been kind — or typical — for U.S. stocks Yeo Boon Ping CNBC Daily Open: A rough and historically atypical November for U.S. stocks Yeo Boon Ping CNBC Daily Open: An early Thanksgiving celebration in U.S. markets Yeo Boon Ping Read More
https://www.cnbc.com/2025/11/27/cnbc-daily-open-an-early-thanksgiving-celebration-in-us-markets.html,CNBC Daily Open: An early Thanksgiving celebration in U.S. markets,Taken from CNBC’s Daily Open  our international markets newsletter — Subscribe today Thanksgiving in the U.S. takes place on Thursday stateside  but the feasting might have begun a day early for investors. The S&P 500   Dow Jones Industrial Average and Nasdaq Composite all recorded a fourth straight day of gains. Shares of Oracle   which have been hobbling along in November after wiping out its one-day spike in September   advanced roughly 4% after Deutsche Bank said that its recent price pullback "presents an attractive entry point for investors when looking at Oracle's business in totality." Other technology and AI-related stocks  such as Nvidia and Microsoft   rose in sympathy. "Thanksgiving week is generally a strong week in the markets. Everyone's feeling good " said Eric Diton  president and managing director at The Wealth Alliance. It's what happens after Thanksgiving that might cause some pause. The futures market is now pricing in a roughly 85% chance the U.S. Federal Reserve will cut interest rates by a quarter percentage point in December. When expectations are too high — and not met — disappointment will be all the more painful. "If the Fed disappoints  you could have a sell-off " Diton said — but added  "I don't think they will." And if White House National Economic Council Director Kevin Hassett does assume the role of Fed chair when Jerome Powell vacates his seat  rates could trend even lower in the future  wrote Bank of America economist Aditya Bhave. Looser monetary policy tends to provide more support for stocks — that notion seems to be behind optimistic targets for the S&P 500 by the end of 2026. So far  the numbers that have been floated are 7 400 from CFRA Chief Investment Strategist Sam Stovall   and as high as 8 000 from JPMorgan . Investors indeed have much to be thankful for in 2025 — and possibly the next year as well. Fourth straight day of gains for U.S. stocks. Major indexes closed higher on Wednesday  lifted by technology firms such as Oracle and Nvidia. Europe's Stoxx 600 added 1.09%. U.K. banks climbed following the release of the country's budget. Apple's smartphone shipments to overtake Samsung. The company will ship around 243 million iPhones this year   higher than the 235 million smartphones from Samsung   Counterpoint Research wrote. It'd be the first time in 14 years Apple will outstrip its rival. UK unveils its Autumn Budget. Some measures Finance Minister Rachel Reeves announced on Wednesday include tax breaks for startup employees and investors  and frozen income tax thresholds — which have been described as "stealth tax" for workers . AI can replace 11.7% of U.S. workforce  MIT says. That's equivalent to $1.2 trillion in wages across finance  health care and professional services. The study  which was released Wednesday by the university  created a simulation of 151 million U.S. workers. [PRO] The S&P 500 to hit 8 000 next year? A JPMorgan strategist thinks the broad-based index will end 2026 at 7 500  roughly 10% higher than Wednesday's close. But if certain events happen   he thinks the S&P 500 could touch even higher levels. Foreign investors warm to China's cheaper AI valuations despite fears of a U.S. bubble U.S. venture deals in AI and robotics have exceeded $160 billion so far this year  according to a CNBC analysis of PitchBook data. Comparable deals in China this year are just over $10 billion  the data showed. It's a confluence of regulatory pressures in China  U.S. export controls and a scrappy startup environment where locals have overcome stringent pandemic lockdowns to stay competitive. Got a confidential news tip? We want to hear from you. More In Daily Open CNBC Daily Open: November hasn't been kind — or typical — for U.S. stocks Yeo Boon Ping CNBC Daily Open: A rough and historically atypical November for U.S. stocks Yeo Boon Ping CNBC Daily Open: Thanksgiving cheer comes a day early for U.S. markets Yeo Boon Ping Read More
https://www.cnbc.com/2025/11/25/cnbc-daily-open-a-risky-alpha-bet-in-markets-to-revive-ai-trade.html,CNBC Daily Open: A risky alpha bet in markets to revive AI trade,Taken from CNBC’s Daily Open  our international markets newsletter — Subscribe today Alphabet on Monday resuscitated the artificial intelligence trade  which had been flagging the previous week. Its stock jumped 6.3%  lifting associated AI names such as Broadcom   Micron Technology and AMD . Major indexes rallied  with the Nasdaq Composite posting its best day in six months. Investors were particularly enthusiastic about Broadcom because it helps to design and manufacture Google-parent Alphabet's custom AI chips. In other words  the more market share Alphabet's AI offerings gain  the greater the benefit to Broadcom — rather like Nvidia and the broader AI sector at the moment. Broadcom shares surged 11.1% on this notion  making it the S&P 500's top gainer. But while investors may cheer Alphabet's leadership on Monday  not everyone wants it to have the last word. "Some investors are petrified that Alphabet will win the AI war due to huge improvements in its Gemini AI model and ongoing benefits from its custom TPU chip " Melius Research analyst Ben Reitzes wrote to clients in a Monday note. "GOOGL winning would actually hurt several stocks we cover — so prepare for volatility ." Approaching the market's moves from another angle  Melissa Brown  managing director of investment decision research at SimCorp  said it's a concern when just one stock lifts the market. "That just doesn't seem to me to be a sustainable force behind driving the market higher over the next however many days " she added. Alphabet on Monday may have brought about alpha — in the sense of market outperformance and potentially beginning a new phase of AI enthusiasm — but letting it be the omega as well could pose problems for investors. U.S. tech stocks roar back . The Nasdaq Composite popped 2.69%  its best day since May 12  on investors enthusiasm over Alphabet and its new AI model Gemini 3 . Other major indexes rose in tandem. The pan-European Stoxx 600 ticked up 0.14%. Amazon will spend up to $50 billion on AI infrastructure. The compute capacity will amount to nearly 1.3 gigawatts and cater to the company's U.S. government customers   Amazon said Monday. OpenAI has first prototypes for its device. CEO Sam Altman on Friday described it as "jaw dropping." In May  OpenAI acquired former Apple design chief Jony Ive's startup and said it would create AI hardware . Trump had a call with his Chinese counterpart Xi. A White House official confirmed to CNBC that the U.S. president spoke on the phone with Xi Jinping on Monday morning. Trump wrote on Truth Social that both parties discussed aspects of their earlier trade truce. [PRO] The S&P 500's dividend yield is looking dismal. For investors who are still looking to hold dividend-paying stocks  however  research firm Trivariate Research has a few suggestions on the top performers . Could markets be facing an 'everything bubble'? Investors are divided Dan Hanbury  who co-manages the Global Strategic Equity strategy at investment manager Ninety One  told CNBC that while the formation of an AI bubble appears to be "the ultimate question at the moment " off-kilter prices stretch far beyond the realms of artificial intelligence. "I think if you step back and look at valuations  it's very hard to argue there's not a bubble in the U.S. market " he conceded. But despite there being "lots of red flags" in equity markets  Hanbury said market participants needed to take a broader view. Got a confidential news tip? We want to hear from you. More In Daily Open CNBC Daily Open: November hasn't been kind — or typical — for U.S. stocks Yeo Boon Ping CNBC Daily Open: A rough and historically atypical November for U.S. stocks Yeo Boon Ping CNBC Daily Open: Thanksgiving cheer comes a day early for U.S. markets Yeo Boon Ping Read More
https://seekingalpha.com/article/4847020-nike-when-brand-fades-dividend-follows,Nike: When The Brand Fades  The Dividend Follows,
https://www.cnbc.com/2025/11/24/asia-markets-today-monday-kospi-hang-seng-index-fed-rate-cut-tech-ai-trade.html,Asia-Pacific markets set for recovery on revived Fed cut hopes after bruising tech losses last week,Asia-Pacific markets were mixed Monday after New York Federal Reserve President John Williams signaled a third rate cut was a possibility this year. On Friday  Williams suggested the Fed could lower its key interest rate as labor market weakness poses a bigger economic threat than higher inflation. The Fed has just one meeting left for 2025  which will take place on Dec. 9-10 stateside. The target rate is currently at 3.75% to 4.00%. Fed funds futures are pricing in around a 70% chance for a quarter-percentage-point cut  according to the CME FedWatch tool   up from about 44% during the week through Nov. 14. Asian markets declined across the board last week as traders fled tech stocks  with heavyweights such as SoftBank  Samsung Electronics  and Baidu posting losses. Hong Kong's Hang Seng index rose 1.97% to 25 716.5  boosted by tech and healthcare stocks  while mainland China's CSI 300 fell 0.12% to 4 448.05. South Korea's markets turned negative after rising earlier in the session. The Kospi closed 0.19% lower at 3 846.06  while the small-cap Kosdaq fell 0.87% to 856.44. Kospi heavyweight Samsung Electronics rose 2%. Australia's S&P/ASX 200 rose 1.29% to 8 525.1  rebounding from a 1.59% loss on Friday. On Monday  shares of logistics group Qube climbed nearly 20% after Macquarie Asset Management made an offer of 11.6 billion Australian dollars ($7.49 billion) to acquire the firm. Mining giant BHP rose about 0.62% after the company announced it was no longer considering a merger with British miner Anglo American. India's Nifty 50 and the BSE Sensex were trading flat as of 2 p.m. local time. Japan's markets were closed for a public holiday. On Friday in the U.S.  all three major indexes posted a rebound  with the Dow Jones Industrial Average gaining 1.08%  the Nasdaq Composite advancing 0.88%  and the S&P 500 finishing 0.98% higher. —CNBC's Sean Conlon and Pia Singh contributed to this report. Got a confidential news tip? We want to hear from you.
https://www.cnbc.com/2025/11/27/asia-pacific-markets-today-thursday-nikkei-225-hang-seng-index-csi-300-kospi.html,Asia-Pacific markets set to open mixed after Wall Street gains as tech extends rebound,India's benchmark indexes hit a record high Thursday as Asia-Pacific markets tracked Wall Street gains on Fed rate-cut hopes and tech rebound. The Nifty 50 hit 26 284.2  while the BSE Sensex reached 86 026.18. Both the indexes had last hit record highs in September 2024. Japan's benchmark Nikkei 225 index closed 1.23% higher at 50 167.1  led by tech stocks  while the Topix index added 0.39% to 3 368.57. Among the top movers were Advantest   up 4.88%  tech conglomerate SoftBank Group soared 3.57% and Lasertec   which was up 4.6%. South Korea's Kospi advanced 0.66% to 3 986.91  while the small-cap Kosdaq climbed 0.31% to 880.06. The Bank of Korea kept its benchmark interest rate unchanged at 2.5% — in line with expectations — for a fourth consecutive policy meeting  amid a weakened local currency and overheated housing market. The Korean won has weakened against the greenback in recent months to its lowest level since April. Australia's ASX/S&P 200 rose 0.13% to close at 8 617.3. Hong Kong's Hang Seng Index and mainland's CSI 300 closed flat at 25 945.93 and 4 515.4  respectively. China's industrial profits in October plunged 5.5% from a year earlier  government data showed Thursday. Profits for the first 10 months of the year rose 1.9% year on year  compared to the 3.2% rise in the January to September period. Overnight  the key indexes in the U.S. logged four straight days of gains on rising hopes for a Federal Reserve interest rate cut in December. Investors see an 85% chance of a quarter-percentage-point rate cut in December  up from 30% last week  according to the CME FedWatch tool . Shares of artificial intelligence player Oracle jumped more than 4% on Wednesday  boosting major averages after Deutsche Bank reaffirmed its bullish stance on the name. On Wednesday stateside  the Dow Jones Industrial Average gained 314.67 points  or 0.67%  to finish at 47 427.12. The S&P 500 climbed 0.69% to settle at 6 812.61  while the Nasdaq Composite increased 0.82% to close at 23 214.69. — CNBC's Sean Conlon and Pia Singh contributed to this report. Got a confidential news tip? We want to hear from you.
https://www.cnbc.com/2025/11/24/broadcom-is-joining-alphabet-in-the-ai-rally-why-investors-are-jumping-in.html,Broadcom is joining Alphabet in the AI rally. Why investors are jumping in,Broadcom shares rallied 11.1% on Monday  making it the S&P 500's top performer of the day  as investors poured back into several high-flying tech companies tied to the artificial intelligence trade. Wall Street is also taking notice of the chipmaker as a derivate play of Alphabet's growing AI dominance. Broadcom — one of the biggest suppliers of high-performance  application-specific chips  or ASICs  for hyperscalers — has been on a tear this year  rallying 60% year to date. Monday's rally saw Broadcom notch its best day since April 9. The stock was also the best performer in the Technology Select Sector SPDR fund (XLK)   which tracks the S&P 500 tech sector. The move in Broadcom comes as investors continue to push shares of Google-parent Alphabet higher. The stock rose more than 5% as the artificial intelligence trade regained some of the recently lost ground. The two are related through ASICs: Google is a major customer of Broadcom's ASIC business  as Broadcom helps design and manufacture Google's tensor processing units (TPUs). These are Google's in-house specialized AI chips  used for the company's internal AI infrastructure. Google TPUs are considered a competitor to Nvidia's graphics processing units (GPUs) for AI workloads. Analysts have recently lifted their outlooks on Broadcom on enthusiasm about its relationship with Alphabet. Melius Research's Ben Reitzes last month reiterated his buy rating on Broadcom and lifted his price target on the stock by $60 to $475  which suggests 39.6% potential upside from Friday's close. "Google and its partner  Broadcom  have been at it together with this custom ASIC since 2016  now in its 7th generation. Outside of the Nvidia GPU for AI workloads  the TPU is the most proven ASIC out there — and now it has the most tangible momentum. The decision to develop this product early is now starting to inflect to the upside — delivering for both Broadcom's AI revenues and Google Cloud (GCP) growth " Reitzes wrote in an Oct. 27 note to clients. "While good for Alphabet  it may turn out to be even better for Broadcom  who could have huge upside to its AI revenues with Alphabet and a host of other partners who want a piece of this design expertise " he continued  adding that the "TPU is rapidly becoming a larger part of Alphabet's growth strategy." Jefferies analyst Blayne Curtis  who has the highest price target among analysts on Broadcom  per LSEG  named the stock a top pick earlier this month and said that ASICs are hitting an "inflection point" as Google's need for custom chips continues to grow. "Google has long been the main ASIC customer for AVGO but those volumes should become much more meaningful in C26/27 " Curtis wrote in a Nov. 3 note. "Google continues to see the amount of tokens they process per month rise and announced 1 300T in October up from 480T in April 2025. This should grow even more as compute is needed for multimodal models." Curtis has a buy rating on shares and lifted his price target by $65 to $480. That implies the stock could jump another 41%. Dan Ives  Wedbush Securities global head of technology research  told CNBC he is very bullish on Broadcom and Alphabet. Ives owns both stocks in the Dan IVES Wedbush AI Revolution ETF (IVES) . "Broadcom and Alphabet are the new AI plays the market is rediscovering the massive market for ASIC chips with Google leading the charge " he said. "This could be the most proven ASIC chip in the market and the AI Revolution is still early days ... it's been a historic quick turnaround to the very bullish Street sentiment today. Alphabet shares are up 21% over the past month  outperforming its "Magnificent Seven" peers and propelling the broader market higher in recent trading sessions. Investors have reacted positively to Google's latest AI model Gemini 3  its upcoming seventh-generation TPU called "Ironwood " its advancements in AI image generation with Nano Banana Pro and its new agent platform called "Google Antigravity." Got a confidential news tip? We want to hear from you.
https://seekingalpha.com/article/4847035-fubon-financial-holding-co-ltd-fuisf-q3-2025-earnings-call-prepared-remarks-transcript,Fubon Financial Holding Co.  Ltd. (FUISF) Q3 2025 Earnings Call Prepared Remarks Transcript,
https://seekingalpha.com/article/4846978-ategrity-specialty-insurance-another-specialty-insurance-ipo-rise-and-fall,Ategrity Specialty Insurance - Another Specialty Insurance IPO Rise And Fall,
https://www.cnbc.com/2025/11/25/irs-guidance-trump-tips-overtime-deductions.html,IRS releases guidance for Trump's tips  overtime deductions. What workers need to know,As tax season approaches  the IRS has released guidance for workers who can claim the federal deduction for tips and overtime pay enacted via President Donald Trump 's "big beautiful bill." The guidance released last week covers how to report these deductions on tax returns. But workers could still face questions at tax time   experts say. The tip provision allows certain workers to deduct up to $25 000 in "qualified tips" from 2025 through 2028. The tax break phases out once modified adjusted gross income exceeds $150 000  or $300 000 for married couples filing jointly. Meanwhile  Trump's tax break for eligible overtime pay offers a deduction of up to $12 500 for single filers or $25 000 for joint filers  with the same income phaseouts. This provision is also temporary  in effect from 2025 through 2028. Workers can deduct tips or overtime pay if those earnings are reported via so-called information returns   such as Forms W-2 or 1099  according to the legislation. While the IRS is "strongly encouraging" employers to provide this reporting  it's not required for tax year 2025  said Thomas Gorczynski  a Tempe  Arizona-based enrolled agent  which is a tax license to practice before the IRS. Gorczynski  who also educates tax professionals on legislation changes  said: "We're going to have this hodgepodge  weird year of rules that's going to make reporting very difficult for employees." Approximately 6 million workers report tipped wages   according to IRS estimates. And nationally  about 6% of workers reported overtime pay in 2024  according to the Peter G. Peterson Foundation  an economic organization. These taxpayers will soon have to navigate Trump's tip and overtime deductions for 2025  which apply to their returns filed in 2026. "Taxpayer confusion will be off the charts at tax time on these provisions " Terry Lemons  former communications and liaison chief for the IRS  said in a LinkedIn post last week. The new IRS guidance also includes "transition relief" for certain workers who receive tips via a so-called " specified service trade or businesses  " or SSTBs. Trump's 2017 tax law outlined the list of SSTBs to limit eligibility for a 20% deduction for certain businesses   and includes sectors like health care  legal  financial services  performing arts and more. SSTB workers are excluded from claiming the new tip deduction under Trump's "big beautiful bill." But these workers may briefly be eligible for the tip deduction until the Treasury Department and IRS finalize regulations. "I don't want people to think that this new waiver is the permanent provision or a permanent guidance " Gorczynski said. It's a "temporary waiver" for some SSTB workers to claim the tip deduction for 2025  he said. But there could be an "unhappy surprise" in 2026 and future years if eligibility goes away. Got a confidential news tip? We want to hear from you.
https://www.cnbc.com/2025/11/25/nvidia-shares-today-google-meta-ai-chip-report.html,Nvidia shares fall on report Meta will use Google AI chips,Nvidia shares fell on Tuesday after The Information reported that Meta is considering using chips designed by Google. Shares of Nvidia fell as much as 7% before recovering to trade down 4.3% later in the day. Google parent Alphabet was 4.2% higher after a more than 6% rally on Monday. On Monday  The Information reported that Meta is considering using Google's tensor processing units  or TPUs  in its data centers in 2027. Meta may also rent TPUs from Google's cloud unit next year  the publication reported. "Google Cloud is experiencing accelerating demand for both our custom TPUs and NVIDIA GPUs; we are committed to supporting both  as we have for years " a Google spokesperson told CNBC. Google launched its first-generation TPU in 2018 and it was initially designed for its own internal use for its cloud computing business. Since then  Google has launched more advanced versions of its chip that are designed to handle artificial intelligence workloads. TPUs are a customized chip and experts say this gives Google an advantage over rivals as it can offer customers a highly efficient product for AI. If Meta uses the TPUs  it would be big win for Google and potential validation of the technology. Shares of Broadcom   which helps Google design its TPUs  were up more than 1% on Tuesday after an 11% rise the day before. Nvidia remains the market leader with its graphics processing units  GPUs  that have become the main piece of hardware underpinning the huge AI infrastructure build-out. While Nvidia's dominance is unlikely to be dislodged in the near term  Google's TPUs add further competition into the AI semiconductor market. Shares of Advanced Micro Devices  previously seen as offering the most credible challenger to Nvidia's GPUs  were trading 6% lower on Tuesday. Chip designer Arm's shares fell 4.2%. "There was some sense that [AMD] could be the number two [in the market] and now it's become clear that there may not be room for that " Gil Luria  head of technology research at D.A. Davidson  told CNBC. Companies building AI infrastructure have been searching for a more diversified supply of chips to reduce reliance on Nvidia. Meta is among the biggest spenders on AI infrastructure  with the company projecting its capital expenditures to stand between $70 billion and $72 billion this year. The share price moves come amid continued debate around whether there is an "AI bubble" and stretched tech company valuations. Nvidia has been central to the debate and the company last week reported a stronger-than-expected sales forecast for the current quarter but technology stocks fell after. Got a confidential news tip? We want to hear from you.
https://www.cnbc.com/2025/11/24/blackrocks-ishares-bitcoin-fund-sees-record-exodus-as-crypto-heads-for-worst-month-since-2022.html,Blackrock's iShares bitcoin fund sees record exodus as crypto heads for worst month since 2022,Watch Daily: Monday - Friday  3 PM ET BlackRock's spot bitcoin exchange-traded fund is having its worst month ever as its underlying asset suffers its largest monthly decline in more than three years. The iShares Bitcoin Trust ETF has recorded $2.2 billion in outflows this month  as of Monday  FactSet data shows. That's nearly eight times the $291 million in losses suffered by the investment vehicle last October  or its second-worst month on record since its debut in early 2024. The outflows come as bitcoin is bleeding. The digital asset was last trading at $87 907.10 — down more than 20% over the past month and off more than 40% from its high of just north of $126 000 hit in early October. That makes November bitcoin's worst month since June 2022  when the asset's price fell about 39%. "There's no doubt that hot-money investments have had significant outflows " Jay Hatfield  CEO and portfolio manager at Infrastructure Capital Advisors  told CNBC. But  "the pullback is really focused on the gambling part of the market … and bitcoin is really the poster child for that " he said. Investors are exiting BlackRock's fund to rotate into risk-off assets such as gold amid mounting economic uncertainties and signs of souring market sentiment. A recent survey from the University of Michigan showed that consumer sentiment has nosedived to near record-low levels. Meanwhile  investors are awaiting crucial data from the September retail sales and the producer price index reports  due out on Tuesday. And while the CME FedWatch Tool shows that traders are now pricing in more than 80% odds that the Federal Reserve will slash rates at its December meeting  such a cut remains far from sure bet. Amid all the uncertainty  bitcoin is bleeding. And  investors in spot bitcoin ETFs  particularly newer holders  are feeling pressure to sell their shares — a reality that could extend the asset's downside in the near term  Frank Chaparro  head of content and special projects at crypto-focused trading firm GSR  told CNBC. "With the macro environment becoming less certain  investors tend to de-risk across assets  which often means trimming exposure to crypto and other risk-sensitive stocks " Chaparro said. "And for newer entrants who came in through the funds  any downturn can be unsettling – they can sell just as quickly as they bought." But while it's true that spot bitcoin ETFs have brought in hoards of new retail investors who may be flighty during volatile times  the funds have also attracted a range of long-term investors such as institutions who can hold through the downturn  according to Joshua Levine  chairman at bitcoin treasury firm OranjeBTC  told CNBC. That institutional base could "dampen some of the extreme downside  but also smooth upside  reducing bitcoin's volatility as the asset class matures " Levine said. Got a confidential news tip? We want to hear from you. More In Crypto World watch now watch now VIDEO 19:39 Strategy's Michael Saylor weighs in on whether bitcoin's four-year cycle is dead: CNBC Crypto World Talia Kaplan watch now watch now VIDEO 13:36 Bitcoin rises alongside stocks ahead of Thanksgiving holiday: CNBC Crypto World Talia Kaplan watch now watch now VIDEO 11:23 Pantera’s Cosmo Jiang discusses drivers behind crypto's November sell-off Talia Kaplan Read More
https://www.cnbc.com/2025/11/24/how-alibaba-overcame-beijings-crackdown-to-become-an-ai-giant.html,How Alibaba overcame Beijing's crackdown to become an AI giant,On a cold November evening in Shanghai in 2020  the world's largest IPO was abruptly canceled by Chinese regulators. It was Ant Group   the fintech affiliate of tech giant Alibaba . The company's founder Jack Ma  one of China's most famous billionaires  was under scrutiny for comments seemingly criticising the country's financial regulators. What followed was four years of pressure on Ma's empire . Since the IPO cancelation  more than $400 billion has been wiped off Alibaba's value  even with a more recent rally. In the months after the failed public listing  Ma retreated from the public eye and Alibaba  China's biggest e-commerce player  looked down and out  with management and structure changes bearing little fruit . The moves were not characteristic of the grit the company had shown in the past and a far cry from its strong position now. But those who know Ma know never to count him out. "The hallmark of Jack and his personality is that he never gave up " Brian Wong  a former Alibaba executive and author of "The Tao of Alibaba " told CNBC. Wong features in my new show "Built for Billions " in which I explore Alibaba's most testing moments and delve into how it grew to become one of the world's biggest tech companies and one of the most advanced artificial intelligence players. I've been covering tech for more than a decade with much of my focus centering on China. I lived in the world's second-largest economy for three years  from October 2018 to December 2021 when Alibaba was undergoing this significant shift. The company's reach cannot be overstated from its humble beginnings in 1999 as a business to business online marketplace in the early days of the internet. Now Alibaba's business touches everything from food delivery to global e-commerce  cloud computing and artificial intelligence. Nowhere is the company's brand and scale more evident than during Singles Day  an annual shopping event pioneered by Alibaba that sees huge discounts and deals across its platforms. What was once a single day of discounts has now become a more prolonged event that runs several weeks. I have attended Alibaba's Singles Day in both Shanghai — where it featured a huge gala with celebrities and music performances — and at its headquarters in Hangzhou . The whole company is mobilized as billions of dollars are transacted across its platforms in a short space of time. Those experiences provided a real insight into the scale of the company. Alibaba has sometimes been compared to U.S. tech giant Amazon . But it's not an apples-to-apples comparison. "Alibaba now  is seen as a serious player in technology  not just an e-commerce company " Duncan Clark  an early advisor to Alibaba and chairman of consultancy firm BDA China  told CNBC's "Built for Billions." After the Ant Group IPO cancelation  Alibaba and indeed all of China's tech sector faced a reckoning. Beijing began cracking down on domestic tech firms by tightening regulation. One popular view was that Beijing was concerned about the power the country's entrepreneurs were wielding. Ma's empire endured tightened regulations and even a nearly $3 billion antitrust fine in 2021 . There was a level of soul searching taking place at the company that was now battling a tougher domestic market with a weak consumer and rising challenges from players like PDD and JD.com. How could Alibaba reinvigorate growth? And was Jack Ma done for good? When I left China in 2021  I was struck by how fixated international markets were with Ma. It was as if his reappearance served as a sign of Alibaba's standing with the Chinese government. For instance  Alibaba's stock would jump if Ma was spotted somewhere . This overshadowed what was happening in the background. Alibaba had undergone one of the biggest restructures in history. But it wasn't changing the giant's fortunes. Daniel Zhang  who had succeeded Ma as CEO and eventually chairman some years prior  unexpectedly announced plans to step down in 2023. His successors were two well-respected veterans  current CEO Eddie Wu and President Joe Tsai . They steadied the ship  refocused the company on its core e-commerce business  while simultaneously investing in AI. The results were a sharp improvement in business  particularly in more recent quarters . Was Ma gone for good? It seemed not. In February  Ma was among a handful of entrepreneurs who met with Chinese President Xi Jinping in a rare meeting . "He's in his early 60s now  but he's still pretty vibrant. He has homes and yachts and all that stuff. But one senses that he's not done yet " Clark said. Amid the turmoil and revival  Alibaba was quietly investing in artificial intelligence behind the scenes. In fact  since 2016 it had been a priority. "Acceleration happened  really during ... the covid years 2019  2021 when they really started to build their own foundational models and their own chips " Mark Greeven  professor of management innovation at the International Institute for Management Development told "Built for Billions." When OpenAI's ChatGPT hit the world in late 2022  Alibaba was ready just months later with its own AI offering . Alibaba's approach was different to some of its U.S. rivals  instead focusing on open source or open weight AI models which are free for developers to download and use. The company's models are now among some of the most popular globally for developers to use. CEO Wu has cemented Alibaba's commitment to its reinvention as an AI company. In his first letter to employees after taking the reins  Wu called for Alibaba to return to the startup mindset and set two strategic priorities: "user first" and "AI-driven." The focus on AI has benefitted the company's cloud business. It also comes at a time when AI development is being framed as a race between U.S. and Chinese companies and Alibaba is emerging as one of China's key players. "Wherever you look  whatever you touch  China is moving closer towards that vision of dominating AI race by 2030  Alibaba is participating and being an important player " Ashley Dudarenok  a China digital expert and investor told "Built for Billions." Got a confidential news tip? We want to hear from you.
https://seekingalpha.com/article/4847001-victory-rs-mid-cap-growth-fund-q3-2025-commentary,Victory RS Mid Cap Growth Fund Q3 2025 Commentary,
https://seekingalpha.com/article/4847001-victory-rs-mid-cap-growth-fund-q3-2025-commentary,Victory RS Mid Cap Growth Fund Q3 2025 Commentary,
https://seekingalpha.com/article/4846997-kiwi-property-group-limited-kwipf-q2-2026-earnings-call-transcript,Kiwi Property Group Limited (KWIPF) Q2 2026 Earnings Call Transcript,
https://seekingalpha.com/article/4846980-bitmine-immersion-tom-lees-ether-wager-key-catalysts-ahead,Bitmine Immersion: Tom Lee's Ether Wager  Key Catalysts Ahead,
https://www.marketwatch.com/story/washington-bought-an-election-argentina-got-a-president-you-got-the-bill-e1b6ff15,How the U.S. government bought an election  rescued some Wall Street bigshots — and left you with the tab,
https://www.cnbc.com/2025/11/26/cnbc-china-connection-newsletter-capital-ai-sector-valuations-vc-us-bubble-nvidia-deepseek-chatgpt.html,CNBC's The China Connection newsletter: Foreign investors warm to China’s cheaper AI valuations despite fears of a U.S. bubble,Monday - Friday  10:00 - 11:00 SIN/HK  |  0400 - 05:00 CET This report is from this week's CNBC's The China Connection newsletter  which brings you insights and analysis on what's driving the world's second-largest economy. You can subscribe here. Sitting in his new Beijing office  AI2 Robotics Founder and CEO Eric Guo wistfully reflected on fundraising challenges in China — and noted that U.S.-based humanoid rival Figure recently raised $1 billion in a single round  at a $39 billion valuation . That's far more than what a Chinese robotics company can typically raise  he said . His strategy for growth? Do more with less. That means  for instance  developing a robotics AI model that uses less than 10% of the parameters required to train Alphabet's RT-2 AI model  as laid out in one of Guo's widely cited papers . Guo  who holds a Ph.D. from Purdue University  previously worked at Microsoft  smartphone maker Oppo and electric vehicle company Xpeng. It mirrors how DeepSeek and other Chinese players have slashed AI costs for users  and allowed them to claim AI development budgets far below OpenAI's estimated spending  which has exceeded $100 billion . That strategy is enough to make AI2 Robotics one of China's hottest investment targets. The Shenzhen-based startup hit a $1 billion valuation this fall  reaching unicorn status just over two years after launch — thanks to a whopping nine fundraising rounds so far this year  according to a person familiar with the matter. The hot U.S. AI trade has shifted to Alphabet this week following rave reviews of its newest AI model — just weeks after Warren Buffett's Berkshire Hathaway disclosed a rare tech position in the stock. Michael Burry  known for calling the U.S. housing crash before 2008  was the latest voice to warn of bubble risks in U.S. AI names that have powered recent market gains on Monday. But whatever's bubbling up in China's tech sector  it pales in comparison with the U.S. U.S. venture deals in AI and robotics have more than quadrupled since 2023 to exceed $160 billion so far this year  according to a CNBC analysis of PitchBook data. Comparable deals in China this year are just over $10 billion — only slightly more than the $9.24 billion recorded in 2023  the data showed. It's a confluence of regulatory pressures in China  U.S. export controls and a scrappy startup environment where locals have overcome stringent pandemic lockdowns to stay competitive. Bubble risks for Chinese AI firms appear far more contained than in the U.S.  said Vincent Lu  partner and head of private equity at Australian asset manager Boman Group. The Melbourne-based firm oversees AU$910 million ($591.26 million)  mostly allocated in Australia and North America  and has participated in funding rounds for U.S.-based Anthropic earlier this year and OpenAI last year. Lu was "so intrigued" by China's AI and robotics scene that he moved back to Shanghai from Melbourne last year to scout deals  and is just starting to get serious about a few. Chinese companies' AI valuations are about one-quarter of their American peers  while benefiting from lower research and development costs  he added. Boman's Lu was just one of many investors at the AVCJ forum in Hong Kong last week who told CNBC how excited they were about how cheaply priced Chinese AI startups are compared to those in the U.S. It marks an ongoing recovery in foreign investor interest in China following Beijing's crackdown on large internet tech companies in recent years  coupled with Washington's scrutiny of China-related investments. This month alone  at least three China-based funds with an AI focus have raised capital denominated in U.S. dollars from overseas investors: Venture firms raise capital from outside investors  known as limited partners  earning annual fees as they put that money to work in startups. Once the startups go public or are sold at higher valuations  the VC firms can "exit" and share the returns with their limited partners. The momentum is building  even if the numbers don't look big yet. Monolith claimed investors sought to commit more than $600 million to its latest fundraising round  but it kept the original cap of $488 million. Funds of this size would have been "inconceivable" just a year ago  said Johnny Zou  co-head of Primavera Venture Partners  adding that American investor sentiment toward China is seeing a "clear recovery " helped by relatively visible exit paths. While Chinese companies have yet to resume IPOs in the U.S.  they have flocked to Hong Kong  turning its stock exchange into the world's largest listing destination this year. Even so  stock investors are relatively more cautious on China than the U.S. The Hang Seng Index   which includes AI heavyweights Alibaba and Tencent   is up nearly 30% so far this year  but trades at a modest 13.61 price-to-earnings ratio  according to FactSet data. The Nasdaq Composite  in contrast  trades at a 33.8 ratio  with the index up almost 20% so far this year. Young Liu  chairman of Hon Hai Technology Group  compared talk of an AI bubble to a dot-com bubble and said that the world's top technology companies will ultimately be AI-related. EQT Asia Chairman Jean Eric Salata and CEO Per Franzen discussed the firm's focus in Asia  outlining the strategies it is pursuing in the region. Joey Wat  CEO of Yum China  said the company plans to accelerate store openings in China and that the country's urbanization is not complete yet. Trump-Xi call. The U.S. and Chinese presidents on Monday night signaled that a one-year trade truce is intact  just as tensions flare between Beijing and Tokyo over Taiwan . Japanese concerts get canceled. At least two performances in Beijing were abruptly canceled last week amid China's expanding pushback against Japan's high-profile Taiwan comments. Alibaba AI app downloads surge. The company's new Qwen app reported more than 10 million downloads in a week as its AI pivot gains momentum. I think the U.S. [AI] bottleneck probably is electricity  but in China  the bottleneck is GPUs. ... I don't think that there's [much] discussion about the bubble here. — Shawn Yang  analyst  Arete Research China's CSI 300 rose 0.74% as of 2:30 pm local time Wednesday. The index is set to snap a two-week losing streak  gaining 1.53% so far this week. The benchmark has risen 14.9% so far this year. Hong Kong's Hang Seng Index climbed 0.25% and is up 2.9% for the week  recovering from last week's decline amid a global tech sell-off. The main stock gauge is up 29.4% year to date. The offshore yuan last traded at 7.077 against the dollar  its strongest level since October 2024. Nov. 26: Li Auto to release quarterly results before the U.S. market open Nov. 27: Industrial profits for October; PopMart's Labubu toy to join Macy's 99th Thanksgiving Day parade in New York City Nov. 30: Official manufacturing and services PMI Dec. 1: RatingDog China Manufacturing PMI Dec. 3: RatingDog China Services PMI Got a confidential news tip? We want to hear from you. More In The China Connection watch now watch now VIDEO 06:54 Humanoid robot orders could explode in 2026: Goldman Sachs watch now watch now VIDEO 05:30 China’s suspicion of U.S. tech: Analyst says Nvidia has only a short window to sell its chips Chinese giants rush to pledge millions after Hong Kong’s deadliest fire since 1948 kills 94 Anniek Bao Read More
https://www.cnbc.com/2025/11/24/novo-nordisk-shares-plunge-after-alzheimers-drug-trial-fails-to-hit-key-target.html,Novo Nordisk shares plunge 10% after Alzheimer's drug trial fails to hit key target,Shares of Novo Nordisk on Monday fell to a four-year low after the Danish pharmaceutical company said a highly anticipated trial for Alzheimer's disease failed to meet its main goal. The trial tested whether semaglutide — the active ingredient in Novo's blockbuster diabetes and weight loss drugs Ozempic and Wegovy — helped slow progression for Alzheimer's disease. While treatment with semaglutide resulted in improvement of Alzheimer's disease-related biomarkers in two separate trials  this did not translate into a delay of disease progression  Novo said in a statement Monday. The goal had been to slow patients' cognitive decline by at least 20%. Novo stock was down 10% to 274 Danish kroner ($42.33) in afternoon trade  its lowest level since mid-2021. The shares later regained some ground to preliminarily close the session 5.8% lower. Analysts had prior to the results called the trial a long shot  whereas Novo itself had referred to it as a "lottery ticket." "Based on the significant unmet need in Alzheimer's disease as well as a number of indicative data points  we felt we had a responsibility to explore semaglutide's potential  despite a low likelihood of success " said Novo's chief scientific officer  Martin Holst Lange. The trial results are a setback for Novo investors that had hoped that it might reignite the company's battered share price. Even before the Monday readout  Novo stock had halved year to date amid a series of guidance cuts and heighted competition  especially in the key U.S. market. "While hopes were not high for a positive readout  potential success had perhaps kept some in the name  with this result removing a near-term upside scenario " wrote Jefferies analysts on Monday. Alzheimer's disease  the most common form of dementia  is notoriously difficult to treat. It is also expected to affect an increasing proportion of people worldwide as populations grow older. Current treatments such as Eli Lilly's Kisunla and Biogen/Eisai's Leqembi have been shown to slow down the progression of the disease by up to a third  but come with the risk of severe side effects. Shares of Eli Lilly traded nearly 0.8% higher Monday at the closing bell in London  while Biogen stock rose 2.6%. Novo's decision to test Rybelsus  an oral form of semaglutide  had been largely based on real-world evidence suggesting a correlation between Alzheimer's and taking semaglutide. The drug works in a similar way to Lilly's rival medicines Mounjaro and Zepbound by mimicking the gut hormone GLP-1 that naturally occurs in the body  to regulate blood sugar levels and enhance feelings of fullness. It's not yet clear how GLP-1s might benefit Alzheimer's patients  but the theory is that it targets the neuroinflammation thought to impact them. Top-line results will be presented at the Clinical Trials on Alzheimer's Disease conference on Dec. 3  with full results at the 2026 Alzheimer's and Parkinson's Diseases Conference in March  Novo said. While shares of Novo Nordisk have plunged over the past 18 months  rival Eli Lilly only last week became the first pharmaceutical company with a market capitalization of $1 trillion. Even as Ozempic hit the market four years before Mounjaro  Novo's head start hasn't prevented Lilly from quickly grabbing a bigger market share in the U.S. This year  Novo has cut its guidance several times  blaming so-called compounders which sell copycat versions of semaglutide for a cheaper price. Novo recently replaced its chairman and half its board members over a disagreement between the former board and Novo's controlling shareholder  the Novo Nordisk Foundation  about the scope and pace of change needed. It came just months after former CEO Lars Fruergaard Jørgensen was booted after an eight-year reign due to the stock decline. The former board was "too slow in recognizing the significance of the market changes in the United States " new Chair Lars Rebien Sørensen said at the time. New CEO Mike Doustdar  who previously headed Novo's ex-U.S. operations  quickly set out to refocus the company's commercial priorities to its core obesity and diabetes businesses and to cut more than 10% of its global workforce. Got a confidential news tip? We want to hear from you.
https://seekingalpha.com/article/4847032-paypal-patience-will-be-rewarded,PayPal: Patience Will Be Rewarded,
https://seekingalpha.com/article/4846984-grindr-payer-growth-and-privatization-potential,Grindr: Payer Growth And Privatization Potential,
https://seekingalpha.com/article/4846979-procter-and-gamble-nothing-not-to-like-after-4-years-sideways-rating-upgrade,Procter & Gamble: Nothing Not To Like After 4 Years Sideways (Rating Upgrade),
https://seekingalpha.com/article/4846983-dxyz-despite-owning-spacex-and-openai-this-fund-is-a-sell,DXYZ: Despite Owning SpaceX And OpenAI  This Fund Is A Sell,
https://seekingalpha.com/article/4846972-xp-stock-remains-attractive-despite-qualitative-concerns,XP Remains Attractive Despite Qualitative Concerns,XP Inc. ( XP ) presented 3Q25 results   following similar trends to what we had analyzed in previous quarters . Growth is stalling  with retail not growing in core product lines (equities and now even fixed income)  wholesale flat  and corporate services (investment banking) taking the lead in the Analystâs Disclosure: I/we have a beneficial long position in the shares of XP either through stock ownership  options  or other derivatives. I wrote this article myself  and it expresses my own opinions. I am not receiving compensation for it (other than from Seeking Alpha). I have no business relationship with any company whose stock is mentioned in this article. Seeking Alpha's Disclosure: Past performance is no guarantee of future results. No recommendation or advice is being given as to whether any investment is suitable for a particular investor. Any views or opinions expressed above may not reflect those of Seeking Alpha as a whole. Seeking Alpha is not a licensed securities dealer  broker or US investment adviser or investment bank. Our analysts are third party authors that include both professional investors and individual investors who may not be licensed or certified by any institute or regulatory body. Cayman Islands XP Remains Attractive Despite Qualitative Concerns Nov. 23  2025 10:07 PM ET XP Inc. (XP) Stock XP Quipus Capital 1.68K Follower s Follow 5 Share Save Play ( 9min ) Comments Summary XP delivered 3Q25 results showing stalled growth in retail  flat wholesale  and investment banking leading performance. XP is shifting from a transaction-based to a fee-based advisory model  aiming for healthier client-advisor alignment and internal advisor expansion. Despite slow revenue growth and margin pressures  XP continues significant capital returns via buybacks and dividends  supported by a strong capital position. XP remains attractively valued at under 10x earnings  with potential upside if Brazil's interest rate cycle reverses  but faces operational and macro risks. gorodenkoff/iStock via Getty Images XP Inc. ( XP ) presented 3Q25 results   following similar trends to what we had analyzed in previous quarters . Growth is stalling  with retail not growing in core product lines (equities and now even fixed income)  wholesale flat  and corporate services (investment banking) taking the lead in the This article was written by Quipus Capital 1.68K Follower s Follow Long-only investment  evaluating companies from an operational  buy-and-hold perspective.Quipus Capital does not focus on market-driven dynamics and future price action. Instead  our articles focus on operational aspects  understanding the long-term earnings power of companies  the competitive dynamics of the industries where they participate  and buying companies that we would like to hold independently of how the price moves in the future. Most QC calls will be holds  and that is by design. Only a very small fraction of companies should be a buy at any point in time. However  hold articles provide important information for future investors and a healthy dose of skepticism to a relatively bullish-biased market.Disclaimer: All of the author's articles are written on an "as is" basis and without warranty. They represent the author's opinion only and in no way constitute professional investment advice. It is the responsibility of the reader to conduct their due diligence and seek investment advice from a licensed professional before making any investment decisions. The author disclaims all liability for any actions taken based on the information contained in any articles published. Analystâs Disclosure: I/we have a beneficial long position in the shares of XP either through stock ownership  options  or other derivatives. I wrote this article myself  and it expresses my own opinions. I am not receiving compensation for it (other than from Seeking Alpha). I have no business relationship with any company whose stock is mentioned in this article. Seeking Alpha's Disclosure: Past performance is no guarantee of future results. No recommendation or advice is being given as to whether any investment is suitable for a particular investor. Any views or opinions expressed above may not reflect those of Seeking Alpha as a whole. Seeking Alpha is not a licensed securities dealer  broker or US investment adviser or investment bank. Our analysts are third party authors that include both professional investors and individual investors who may not be licensed or certified by any institute or regulatory body. Like Share Comments Recommended For You Cayman Islands XP Remains Attractive Despite Qualitative Concerns Nov. 23  2025 10:07 PM ET XP Inc. (XP) Stock XP Quipus Capital 1.68K Follower s Follow 5 Share Save Play ( 9min ) Comments Summary XP delivered 3Q25 results showing stalled growth in retail  flat wholesale  and investment banking leading performance. XP is shifting from a transaction-based to a fee-based advisory model  aiming for healthier client-advisor alignment and internal advisor expansion. Despite slow revenue growth and margin pressures  XP continues significant capital returns via buybacks and dividends  supported by a strong capital position. XP remains attractively valued at under 10x earnings  with potential upside if Brazil's interest rate cycle reverses  but faces operational and macro risks. gorodenkoff/iStock via Getty Images XP Inc. ( XP ) presented 3Q25 results   following similar trends to what we had analyzed in previous quarters . Growth is stalling  with retail not growing in core product lines (equities and now even fixed income)  wholesale flat  and corporate services (investment banking) taking the lead in the This article was written by Quipus Capital 1.68K Follower s Follow Long-only investment  evaluating companies from an operational  buy-and-hold perspective.Quipus Capital does not focus on market-driven dynamics and future price action. Instead  our articles focus on operational aspects  understanding the long-term earnings power of companies  the competitive dynamics of the industries where they participate  and buying companies that we would like to hold independently of how the price moves in the future. Most QC calls will be holds  and that is by design. Only a very small fraction of companies should be a buy at any point in time. However  hold articles provide important information for future investors and a healthy dose of skepticism to a relatively bullish-biased market.Disclaimer: All of the author's articles are written on an "as is" basis and without warranty. They represent the author's opinion only and in no way constitute professional investment advice. It is the responsibility of the reader to conduct their due diligence and seek investment advice from a licensed professional before making any investment decisions. The author disclaims all liability for any actions taken based on the information contained in any articles published. Analystâs Disclosure: I/we have a beneficial long position in the shares of XP either through stock ownership  options  or other derivatives. I wrote this article myself  and it expresses my own opinions. I am not receiving compensation for it (other than from Seeking Alpha). I have no business relationship with any company whose stock is mentioned in this article. Seeking Alpha's Disclosure: Past performance is no guarantee of future results. No recommendation or advice is being given as to whether any investment is suitable for a particular investor. Any views or opinions expressed above may not reflect those of Seeking Alpha as a whole. Seeking Alpha is not a licensed securities dealer  broker or US investment adviser or investment bank. Our analysts are third party authors that include both professional investors and individual investors who may not be licensed or certified by any institute or regulatory body. Like Share Comments
https://www.cnbc.com/2025/11/27/sec-investigates-jefferies-over-first-brands-collapse-report-says.html,SEC investigates Jefferies over First Brands collapse  report says,The U.S. Securities and Exchange Commission is investigating Jefferies' relationship into bankrupt auto parts maker First Brands Group  The Financial Times reported Thursday. The newspaper  citing people with knowledge of the matter  said the regulator is looking into whether Jefferies gave investors enough information on its Point Bonita fund's exposure to the failed auto business. The inquiry into internal controls and potential conflicts within the bank is at an early stage  the report said. It's not clear whether it will result in any allegations of wrongdoing. Jefferies came under pressure last month after its exposure to First Brands — which collapsed under a series of complex debt agreements — raised fears of other bad loans on Wall Street. Shares of Jefferies are down more than 12% this quarter and 27% this year. When asked for comment  an SEC spokesperson said the agency "does not comment on the existence or nonexistence of a possible investigation." Jefferies did not respond to CNBC's request for comment. Got a confidential news tip? We want to hear from you.
https://www.cnbc.com/2025/11/25/cnbc-daily-open-alphabet-to-omega-in-ai.html,CNBC Daily Open: Alphabet to omega in AI?,Taken from CNBC’s Daily Open  our international markets newsletter — Subscribe today Alphabet on Monday resuscitated the artificial intelligence trade  which had been flagging the previous week. Its stock jumped 6.3%  lifting associated AI names such as Broadcom   Micron Technology and AMD . Major indexes rallied  with the Nasdaq Composite posting its best day in six months. Investors were particularly enthusiastic about Broadcom because it helps to design and manufacture Google-parent Alphabet's custom AI chips. In other words  the more market share Alphabet's AI offerings gain  the greater the benefit to Broadcom — rather like Nvidia and the broader AI sector at the moment. Broadcom shares surged 11.1% on this notion  making it the S&P 500's top gainer. But while investors may cheer Alphabet's leadership on Monday  not everyone wants it to have the last word. "Some investors are petrified that Alphabet will win the AI war due to huge improvements in its Gemini AI model and ongoing benefits from its custom TPU chip " Melius Research analyst Ben Reitzes wrote to clients in a Monday note. "GOOGL winning would actually hurt several stocks we cover — so prepare for volatility ." Approaching the market's moves from another angle  Melissa Brown  managing director of investment decision research at SimCorp  said it's a concern when just one stock lifts the market. "That just doesn't seem to me to be a sustainable force behind driving the market higher over the next however many days " she added. Alphabet on Monday may have brought about alpha — in the sense of market outperformance and potentially beginning a new phase of AI enthusiasm — but letting it be the omega as well could pose problems for investors. U.S. tech stocks roar back . The Nasdaq Composite popped 2.69%  its best day since May 12  on investors enthusiasm over Alphabet. Other major indexes rose in tandem. Asia-Pacific markets were mostly Tuesday as AI-related stocks ticked up. Record outflows from BlackRock's bitcoin ETF. The iShares Bitcoin Trust ETF has seen an exodus of $2.2 billion this month as of Monday stateside  according to FactSet data. That's almost eight times more in losses than last October  or its second-worst month on record. Sandisk joins the S&P 500. The flash storage vendor will replace marketing company Interpublic Group in the index before trading begins on Nov. 28 stateside. Shares of Sandisk jumped 7% in extended trading on Monday. Trump has back-to-back calls with Xi and Takaichi. But the Beijing-Tokyo spat is unlikely to be resolved soon . U.S. President Donald Trump has stayed publicly silent  adding uncertainty for Japan and Taiwan at a tense moment. [PRO] The S&P 500's dividend yield is looking dismal. For investors who are still looking to hold dividend-paying stocks  however  research firm Trivariate Research has a few suggestions on the top performers . India’s IPO market is booming. And it’s luring global companies to list local units Even as foreign investors remain net sellers of Indian equities this year  global companies are rushing to list their local business units in one of the world's busiest IPO markets  lured by a valuation premium. Coca-Cola's Indian bottling unit is reportedly weighing a billion-dollar float next year. The Indian division of South Korea's CJ Darcl Logistics has already filed draft papers   and analysts expect more global companies to bring their Indian operations to market. — Priyanka Salve and Lim Hui Jie Got a confidential news tip? We want to hear from you. More In Daily Open CNBC Daily Open: November hasn't been kind — or typical — for U.S. stocks Yeo Boon Ping CNBC Daily Open: A rough and historically atypical November for U.S. stocks Yeo Boon Ping CNBC Daily Open: Thanksgiving cheer comes a day early for U.S. markets Yeo Boon Ping Read More
https://www.cnbc.com/2025/11/24/michael-burry-launches-newsletter-to-lay-out-his-ai-bubble-views-after-deregistering-hedge-fund.html,Michael Burry launches newsletter to lay out his AI bubble views after deregistering hedge fund,Michael Burry  the investor who shot to fame for calling the housing crash before 2008  has launched a Substack newsletter after deregistering his hedge fund  aiming to lay out in detail his increasingly bearish thesis on artificial intelligence. "The Big Short" investor is capitalizing on the massive audience he's built on X  where 1.6 million followers have long parsed his cryptic posts. His new publication  titled "Cassandra Unchained" with a $379 annual subscription fee  arrives with a familiar warning: He believes markets are once again deep in bubble territory. In announcing the launch  Burry referenced the parallels between the late 1990s tech mania and today's rush into AI and how the bubbles have been ignored by policymakers  in his view. " Feb 21  2000: SF Chronicle says I'm short Amazon. Greenspan 2005: 'bubble in home prices … does not appear likely.' [Fed Chair Jerome] Powell '25: 'AI companies actually… are profitable… it's a different thing. 'I doubted if I ever should come back. I'm back. Please join me " Burry wrote in a post Sunday night on X. He highlighted then-Fed Chair Alan Greenspan's 2005 insistence that U.S. housing prices showed no signs of a bubble  just two years before the subprime implosion validated Burry's famous "Big Short." And now he contends history is rhyming again. Like the dot-com era  investors are extrapolating exponential growth  dismissing profitability concerns and funding massive capital expenditures on the assumption that the technology will rewrite the economy  he believes. The investor noted Powell has waved off bubble fears  saying AI companies are "actually profitable" and "a different thing" from past booms. "This is different in the sense that these companies  the companies that are so highly valued  actually have earnings and stuff like that " Powell said during a news conference in October. Burry took it as an eerie echo of the assurances offered by Greenspan two decades ago. At the height of the dot-com boom  Burry was publicly short Amazon. Today  he has been openly bearish on the poster children of the AI boom  Nvidia and Palantir . Got a confidential news tip? We want to hear from you.
https://seekingalpha.com/article/4847031-blackrock-floating-rate-income-fund-q3-2025-commentary,BlackRock Floating Rate Income Fund Q3 2025 Commentary,
https://seekingalpha.com/article/4847009-columbia-disciplined-value-fund-q3-2025-commentary,Columbia Disciplined Value Fund Q3 2025 Commentary,
https://seekingalpha.com/article/4846989-block-the-turnaround-has-officially-begun-and-im-loading-up,Block: The Turnaround Has Officially Begun And I'm Loading Up,
https://www.cnbc.com/2025/11/26/cnbc-daily-open-nvidias-crown-looks-increasingly-uneasy-on-its-head.html,CNBC Daily Open: Nvidia's crown looks increasingly uneasy on its head,Taken from CNBC’s Daily Open  our international markets newsletter — Subscribe today Uneasy lies the head that wears the crown. Shares of artificial intelligence czar Nvidia fell 2.6% on Tuesday as signs of unrest continued rippling through its kingdom. Over the month  Nvidia has been contending with concerns over lofty valuations and an argument from the "The Big Short" investor Michael Burry that companies may be overestimating the lifespan of Nvidia's chips. That accounting choice inflates profits  he alleged. The pressure intensified last week in the form of a potential challenger to the crown. Google on Nov. 18 announced the release of its new AI model Gemini 3 — so far so good  given that Nvidia isn't in the business of designing large language models  — powered by its in-house AI chips — uh - oh. And on Monday stateside  Meta   a potential kingmaker  appeared to signal that it is considering not just leasing Google's custom AI chips  but also using them for its own data centers. It seemed like Nvidia felt the need to address some of those rumblings. The chipmaker said on the social media platform X that its technology is more powerful and versatile than other types of AI chips  including the so-called ASIC chips   such as Google's TPUs. Separately  Nvidia issued a private memo to Wall Street that disputed Burry's allegations. Power  whether in politics or semiconductors  requires a delicate balance. Remaining silent may shroud those in power in a cloak of untouchability  projecting confidence in their authority — but also aloofness. Deigning to address unrest can soothe uncertainty  but also  paradoxically  signal insecurity. For now  the crown is Nvidia's to wear — and the weight of it is  too. U.S. stocks advanced on Tuesday. Major indexes had their third straight winning session   erasing earlier intraday losses. Europe's Stoxx 600 climbed 0.91%  with regional defense stocks rebounding past sessions' losses. Meta is looking to use Google AI chips. That's according to a Monday report by The Information. Nvidia on Tuesday wrote on X that its chips are " a generation ahead of the industry." The chipmaker also sent analysts a memo on alleged bubble claims . Downbeat statistics on U.S. economy. Private companies shed an average of 13 500 jobs per week over the past four weeks  according to payroll processing firm ADP on Tuesday. Little wonder U.S. consumer confidence in November fell to the lowest since April. Ukraine peace plan moving ahead  Trump says. Ukrainian President Volodymyr Zelenskyy said Kyiv was willing to advance with the U.S.-backed framework  Reuters reported   but some key details remain unresolved. It's also unclear if Russia will accede to the plan . [PRO] Top picks in India's defense sector. The country is looking to double its military production to 3 trillion rupees (about $33 billion) and raise defense exports to 500 billion rupees by 2029. Analysts think these defense firms stand to gain from India's plans. The UK's Autumn Budget is coming The run-up to this year's U.K. Autumn Budget has been different from the norm because so many different tax proposals have been floated  flagged  leaked and retracted in the weeks and months leading up to Wednesday's statement. It has also made it harder to gauge what we're actually going to get when Finance Minister Rachel Reeves finally unveils her spending and taxation plans for the year ahead. Got a confidential news tip? We want to hear from you. More In Daily Open CNBC Daily Open: November hasn't been kind — or typical — for U.S. stocks Yeo Boon Ping CNBC Daily Open: A rough and historically atypical November for U.S. stocks Yeo Boon Ping CNBC Daily Open: Thanksgiving cheer comes a day early for U.S. markets Yeo Boon Ping Read More
https://www.cnbc.com/2025/11/25/cramer-nvidia-selloff-misguided.html,Cramer says Nvidia selloff is overdone and driven by fear  not fundamentals,Monday - Friday  6:00 - 7:00 PM ET CNBC's Jim Cramer said Tuesday that investors obsessed with the selloff in Nvidia and other AI companies are approaching the market with the wrong mindset. In his view  owning artificial intelligence stocks requires conviction — and if you don't have it  there's a whole world of safer  slower-growth names to choose from. "You either believe in artificial intelligence or you should just stay away " Cramer said. Cramer said that too many investors treat markets as a zero-sum fear game: they buy only after stocks rally and sell the moment they fall. He says the people who've missed out on huge gains over the past decade are the ones who couldn't tolerate weakness or trust the companies they owned. That philosophy underpins his long-running support for the Magnificent Seven — Alphabet   Amazon   Apple   Meta   Microsoft   Nvidia and Tesla . Cramer said the companies earned their trillion-dollar valuations through consistent execution  enormous profits and the ability to adapt when their core businesses face pressure. He pointed to Tesla as a prime example: when electric-vehicle competition intensified and profits were squeezed  the company didn't change  but investor perception did. Shares rebounded from steep declines after the narrative shifted toward self-driving technology and robotics. Nvidia is now facing a similar moment of doubt. Shares have been hit hard by concerns that Alphabet is relying more on its own AI chips   developed with Broadcom   instead of Nvidia's flagship processors. Reports that Meta may also purchase Google-designed chips added to the pressure. Those developments came on the heels of a strong Nvidia earnings report that nonetheless sent the stock tumbling into the mid-$180s  with further declines after the Meta news. Cramer acknowledged that the concerns are real but argued that selling Nvidia now would repeat the same mistake he made with Alphabet  which he exited before the stock doubled. "If you don't like Nvidia  you don't have to own it. Nobody's putting a gun to your head " Cramer said. "Don't let the door hit you on the way out." Click here to download Jim Cramer's Guide to Investing at no cost to help you build long-term wealth and invest smarter. Questions for Cramer? Call Cramer: 1-800-743-CNBC Want to take a deep dive into Cramer's world? Hit him up! Mad Money Twitter - Jim Cramer Twitter - Facebook - Instagram Questions  comments  suggestions for the "Mad Money" website? madcap@cnbc.com Got a confidential news tip? We want to hear from you.
https://www.cnbc.com/2025/11/25/aca-subsidy-cliff-work-disincentive.html,Why ACA subsidy cliff may discourage some people from working,An impending "cliff" in federal health insurance subsidies may discourage some people from working  so that they can save thousands of dollars on annual insurance premiums  according to policy experts and financial planners. Enhanced subsidies for health plans bought on the Affordable Care Act marketplace are set to expire at the end of 2025  the policy issue at the heart of the recent government shutdown. The federal aid  also known as enhanced premium tax credits  reduces recipients' out-of-pocket premiums  either upfront or in a lump sum at tax time. About 22 million Americans — roughly 92% of people who buy insurance on the ACA marketplace — currently receive those enhanced subsidies. Recipients are expected to see their annual health premiums more than double  on average  next year if the benefit is not renewed. Households whose earnings exceed a certain threshold — 400% of the federal poverty line — are most exposed  according to policy experts. They'd lose all access to subsidies  meaning they'd pay the full  unsubsidized insurance premium for an ACA health plan. This is the so-called subsidy cliff. The cliff creates an incentive for households with some income flexibility — say  hourly workers or self-employed business owners — to work less and dip below that threshold  experts said. "It's an unfortunate disincentive to work " said Cynthia Cox  vice president and director of the Affordable Care Act program at KFF  a nonpartisan health policy research group. "For some families  [working less] totally makes financial sense  especially if they really need the health insurance " she said. Democrats have pushed for an extension of enhanced ACA subsidies  which have been in place since 2021 under a Covid-19 relief package. As part of talks to end the shutdown  Republicans vowed to vote by the middle of December on a measure to extend the enhanced subsidies. However  policy experts say such legislation faces long odds of success in a Republican-controlled Congress. The White House said it would issue a framework as soon as this week to address rising ACA premiums  but its proposal was reportedly delayed amid congressional backlash. ACA premium tax credits would revert to their pre-pandemic level if the enhanced subsidies were to lapse. Under that policy  households were ineligible for premium subsidies if their income exceeded 400% of the federal poverty level. That structure had been in place since 2013. Millions of households are on the cusp of the 400% threshold. In 2025  7% of ACA enrollees — about 1.8 million people — had incomes between 300% and 400% of the federal poverty line  according to an analysis of federal data by the Bipartisan Policy Center  a nonpartisan think tank. Another 3%  or 725 000  had an income between 400% and 500%  it found. The bulk  about 82%  have incomes below 300% of the federal poverty line  according to the analysis. There are about 24 million total ACA enrollees in 2025. The income range and the potential financial hit of the subsidy cliff vary by factors such as household size. For example  a one-person household earning more than $62 600 in 2026 would lose all ACA subsidies  which are also called premium tax credits. For a four-person family  that threshold is $128 600. Here's one example of the financial calculus at play  for the average 45-year-old couple with two children  ages 10 and 12  earning an annual income of $132 000. With enhanced subsidies  the family would pay $11 220 in annual health premiums  or $935 per month  for a benchmark silver-tier plan in 2026  amounting to 8.5% of their annual income  according to a KFF cost calculator. Without any subsidies  they would pay about $25 900 in annual premiums  or roughly $2 160 per month  for the same plan  amounting to almost 20% of their income  according to KFF. In this case  reducing their work income by about $4 000 would save them about $14 700 in health premiums next year. "If someone is going to end up being $5 000 over the cliff  they should literally just stop working " said Jeffrey Levine  a certified public accountant and certified financial planner based in St. Louis. Of course  the disincentive effect may be stronger or weaker depending on the specific household. For example  without enhanced subsidies  the average 45-year-old earning $65 000 in 2026 would see their annual ACA premiums increase to about $8 470 for a benchmark silver-tier plan  up from $5 530 with the subsidies  according to KFF. Therefore  this person would save about $2 940 on health premium costs if they were to reduce their work income by more than $2 400 — for just $540 or so of net savings. Someone just over the income threshold would generally see a "meaningful" loss of federal health benefits  but the overall discouragement to work is unclear  said Jonathan Burks  executive vice president for economic and health Policy at the Bipartisan Policy Center. The ACA subsidy cliff isn't the only example of means-tested benefits that may influence consumers' incentive to work  Burks said. Federal programs like Medicaid and Supplemental Nutrition Assistance Program  formerly known as food stamps  have their own respective benefit cliffs   for example  he said. Conservative-leaning economists have generally scrutinized such federal programs to gauge if they make people less likely to work  said Burks. He called the real-world economic evidence on that "mixed." Most benefit cliffs impact programs aimed at lower earners  while the ACA subsidy cliff would kick in for households with somewhat higher incomes  he said. Generally  it'd be ideal from a policy standpoint to design gradual income phase-outs  so federal benefits throttle down gently for households as their incomes increase  Burks said. However  federal budget constraints generally make such a policy design more challenging  he said. "There's always a challenge with any means-tested program with how to handle eligibility thresholds in 'border land '" he said. Got a confidential news tip? We want to hear from you.
https://www.cnbc.com/2025/11/24/kohls-picks-new-ceo-after-a-turbulent-year-and-sales-declines.html,Kohl's names Michael Bender as permanent CEO after a turbulent year and sales declines,Kohl's said Monday that Michael Bender  who has served as its interim CEO  will become its permanent chief executive as the department store tries to get back to sales growth. He becomes the third CEO for the department store in about three years. The move is effective as of Sunday. Bender  who has been director of Kohl's board since July 2019  became the company's interim CEO in May. The retailer appointed Bender to the position after firing CEO Ashley Buchanan after just a few months into his tenure. Kohl's fired Buchanan after it said a company investigation found that he had pushed for deals with a vendor with whom he had a personal relationship. That person was Chandra Holt  a former retail executive who had a romantic relationship with Buchanan. Kohl's leadership announcement comes a day before the retailer reports fiscal third-quarter earnings. Along with leadership turmoil  Kohl's has struggled with declining sales. The company said in August that it expects net sales to drop by 5% to 6% for the fiscal year. Kohl's has had many changes at the top since former CEO Michelle Gass left the company in 2022 to join Levi Strauss & Co.   where she later succeeded then-CEO Chip Bergh. She was followed at Kohl's by Tom Kingsbury  a then-board member of the company  who became interim and then permanent CEO. Bender  64  previously held leadership and management roles at retailers including Victoria's Secret  Walmart and Eyemart Express. Along with his role as CEO  Bender will continue to serve on the company's board. In a news release  board chair John Schlifske said Kohl's hired an external firm and "conducted a comprehensive search" for the retailer's new leader. He said Bender is the right person for the job because of his "three decades of leadership experience across retail and consumer goods companies and a deep commitment to the Kohl's brand." "Over the past several months as interim CEO  Michael has proven to be an exceptional leader for Kohl's – progressively improving results  driving short and long-term strategy  and positively impacting cultural change " he said. In a CNBC interview  Bender described Kohl's turnaround as "heading toward close to the middle innings." "For me  that's a good thing  because it means there's still good work to be done  and ideas and challenges to bring forward to solve " he said. At Kohl's  he said customers have "a lot of excitement " but also "a more discerning  choiceful attitude about the dollars they spend." "What they're looking for from retailers is curating assortment for me of quality products at a value that compels me to either get off the couch  or if I want to stay on the couch  to get on my phone and and order from you because they signify value for me " he said. Over the past five years  Kohl's shares have fallen by about 53%. So far this year  its stock is up nearly 12%. — CNBC's Courtney Reagan contributed to this report Got a confidential news tip? We want to hear from you.
https://seekingalpha.com/article/4847027-lithium-miners-news-november-2025,Lithium Miners News For The Month Of November 2025,
https://seekingalpha.com/article/4846967-tracking-bridgewater-associates-13f-portfolio-q3-2025-update,Tracking Bridgewater Associates 13F Portfolio - Q3 2025 Update,
https://www.marketwatch.com/story/heres-what-bitcoin-and-u-s-treasurys-have-in-common-right-now-cbfe42d4,Here’s what bitcoin and U.S. Treasurys have in common right now,
